                                        
                           Design Compiler Graphical 
                                 DC Ultra (TM)
                                  DFTMAX (TM)
                              Power Compiler (TM)
                                 DesignWare (R)
                                 DC Expert (TM)
                               Design Vision (TM)
                               HDL Compiler (TM)
                               VHDL Compiler (TM)
                                  DFT Compiler
                               Design Compiler(R)
                                        
                 Version K-2015.06 for linux64 - May 28, 2015 
                                        
                    Copyright (c) 1988 - 2015 Synopsys, Inc.
   This software and the associated documentation are proprietary to Synopsys,
 Inc. This software may only be used in accordance with the terms and conditions
 of a written license agreement with Synopsys, Inc. All other use, reproduction,
            or distribution of this software is strictly prohibited.
Initializing...
Initializing gui preferences from file  /home/IC/.synopsys_dv_prefs.tcl
########################### Define Top Module ############################
set top_module SYS_TOP
SYS_TOP
##################### Define Working Library Directory ######################
define_design_lib work -path ./work
1
############################# Formality Setup File ##########################
set_svf $top_module.svf
1
################## Design Compiler Library Files #setup ######################
puts "###########################################"
###########################################
puts "#      #setting Design Libraries          #"
#      #setting Design Libraries          #
puts "###########################################"
###########################################
#Add the path of the libraries to the search_path variable
lappend search_path /home/IC/tsmc_fb_cl013g_sc/aci/sc-m/synopsys
. /opt/Synopsys/Synplify2015/libraries/syn /opt/Synopsys/Synplify2015/minpower/syn /opt/Synopsys/Synplify2015/dw/syn_ver /opt/Synopsys/Synplify2015/dw/sim_ver /home/IC/tsmc_fb_cl013g_sc/aci/sc-m/synopsys
lappend search_path /home/IC/Projects/System/RTL
. /opt/Synopsys/Synplify2015/libraries/syn /opt/Synopsys/Synplify2015/minpower/syn /opt/Synopsys/Synplify2015/dw/syn_ver /opt/Synopsys/Synplify2015/dw/sim_ver /home/IC/tsmc_fb_cl013g_sc/aci/sc-m/synopsys /home/IC/Projects/System/RTL
set SSLIB "scmetro_tsmc_cl013g_rvt_ss_1p08v_125c.db"
scmetro_tsmc_cl013g_rvt_ss_1p08v_125c.db
set TTLIB "scmetro_tsmc_cl013g_rvt_tt_1p2v_25c.db"
scmetro_tsmc_cl013g_rvt_tt_1p2v_25c.db
set FFLIB "scmetro_tsmc_cl013g_rvt_ff_1p32v_m40c.db"
scmetro_tsmc_cl013g_rvt_ff_1p32v_m40c.db
## Standard Cell libraries 
set target_library [list $SSLIB $TTLIB $FFLIB]
scmetro_tsmc_cl013g_rvt_ss_1p08v_125c.db scmetro_tsmc_cl013g_rvt_tt_1p2v_25c.db scmetro_tsmc_cl013g_rvt_ff_1p32v_m40c.db
## Standard Cell & Hard Macros libraries 
set link_library [list * $SSLIB $TTLIB $FFLIB]  
* scmetro_tsmc_cl013g_rvt_ss_1p08v_125c.db scmetro_tsmc_cl013g_rvt_tt_1p2v_25c.db scmetro_tsmc_cl013g_rvt_ff_1p32v_m40c.db
######################## Reading RTL Files #################################
puts "###########################################"
###########################################
puts "#             Reading RTL Files           #"
#             Reading RTL Files           #
puts "###########################################"
###########################################
analyze -format verilog SYS_TOP_dft.v
Running PRESTO HDLC
Compiling source file /home/IC/Projects/System/RTL/SYS_TOP_dft.v
Presto compilation completed successfully.
Loading db file '/home/IC/tsmc_fb_cl013g_sc/aci/sc-m/synopsys/scmetro_tsmc_cl013g_rvt_ss_1p08v_125c.db'
Loading db file '/home/IC/tsmc_fb_cl013g_sc/aci/sc-m/synopsys/scmetro_tsmc_cl013g_rvt_tt_1p2v_25c.db'
Loading db file '/home/IC/tsmc_fb_cl013g_sc/aci/sc-m/synopsys/scmetro_tsmc_cl013g_rvt_ff_1p32v_m40c.db'
1
analyze -format verilog ALU.v
Running PRESTO HDLC
Compiling source file /home/IC/Projects/System/RTL/ALU.v
Presto compilation completed successfully.
1
analyze -format verilog ASYNC_FIFO.v
Running PRESTO HDLC
Compiling source file /home/IC/Projects/System/RTL/ASYNC_FIFO.v
Presto compilation completed successfully.
1
analyze -format verilog CLK_GATE.v
Running PRESTO HDLC
Compiling source file /home/IC/Projects/System/RTL/CLK_GATE.v
Presto compilation completed successfully.
1
analyze -format verilog CLKDIV_MUX.v
Running PRESTO HDLC
Compiling source file /home/IC/Projects/System/RTL/CLKDIV_MUX.v
Presto compilation completed successfully.
1
analyze -format verilog Clock_Divider.v
Running PRESTO HDLC
Compiling source file /home/IC/Projects/System/RTL/Clock_Divider.v
Presto compilation completed successfully.
1
analyze -format verilog data_sampling.v
Running PRESTO HDLC
Compiling source file /home/IC/Projects/System/RTL/data_sampling.v
Presto compilation completed successfully.
1
analyze -format verilog DATA_SYNC.v
Running PRESTO HDLC
Compiling source file /home/IC/Projects/System/RTL/DATA_SYNC.v
Presto compilation completed successfully.
1
analyze -format verilog deserializer.v
Running PRESTO HDLC
Compiling source file /home/IC/Projects/System/RTL/deserializer.v
Presto compilation completed successfully.
1
analyze -format verilog DF_SYNC.v
Running PRESTO HDLC
Compiling source file /home/IC/Projects/System/RTL/DF_SYNC.v
Presto compilation completed successfully.
1
analyze -format verilog edge_bit_counter.v
Running PRESTO HDLC
Compiling source file /home/IC/Projects/System/RTL/edge_bit_counter.v
Presto compilation completed successfully.
1
analyze -format verilog FIFO_MEM_CNTRL.v
Running PRESTO HDLC
Compiling source file /home/IC/Projects/System/RTL/FIFO_MEM_CNTRL.v
Presto compilation completed successfully.
1
analyze -format verilog FIFO_RD.v
Running PRESTO HDLC
Compiling source file /home/IC/Projects/System/RTL/FIFO_RD.v
Presto compilation completed successfully.
1
analyze -format verilog FIFO_WR.v
Running PRESTO HDLC
Compiling source file /home/IC/Projects/System/RTL/FIFO_WR.v
Presto compilation completed successfully.
1
analyze -format sverilog FSM.sv
Running PRESTO HDLC
Compiling source file /home/IC/Projects/System/RTL/FSM.sv
Presto compilation completed successfully.
1
analyze -format verilog MUX.v
Running PRESTO HDLC
Compiling source file /home/IC/Projects/System/RTL/MUX.v
Presto compilation completed successfully.
1
analyze -format verilog parity_calc.v
Running PRESTO HDLC
Compiling source file /home/IC/Projects/System/RTL/parity_calc.v
Presto compilation completed successfully.
1
analyze -format verilog parity_check.v
Running PRESTO HDLC
Compiling source file /home/IC/Projects/System/RTL/parity_check.v
Presto compilation completed successfully.
1
analyze -format verilog PULSE_GEN.v
Running PRESTO HDLC
Compiling source file /home/IC/Projects/System/RTL/PULSE_GEN.v
Presto compilation completed successfully.
1
analyze -format verilog Register_File.v
Running PRESTO HDLC
Compiling source file /home/IC/Projects/System/RTL/Register_File.v
Presto compilation completed successfully.
1
analyze -format verilog RST_SYNC.v
Running PRESTO HDLC
Compiling source file /home/IC/Projects/System/RTL/RST_SYNC.v
Presto compilation completed successfully.
1
analyze -format verilog serializer.v
Running PRESTO HDLC
Compiling source file /home/IC/Projects/System/RTL/serializer.v
Presto compilation completed successfully.
1
analyze -format verilog start_check.v
Running PRESTO HDLC
Compiling source file /home/IC/Projects/System/RTL/start_check.v
Presto compilation completed successfully.
1
analyze -format verilog stop_check.v
Running PRESTO HDLC
Compiling source file /home/IC/Projects/System/RTL/stop_check.v
Presto compilation completed successfully.
1
analyze -format sverilog SYS_CTRL.sv
Running PRESTO HDLC
Compiling source file /home/IC/Projects/System/RTL/SYS_CTRL.sv
Presto compilation completed successfully.
1
analyze -format verilog UART.v
Running PRESTO HDLC
Compiling source file /home/IC/Projects/System/RTL/UART.v
Presto compilation completed successfully.
1
analyze -format verilog UART_RX.v
Running PRESTO HDLC
Compiling source file /home/IC/Projects/System/RTL/UART_RX.v
Presto compilation completed successfully.
1
analyze -format sverilog UART_RX_FSM.sv
Running PRESTO HDLC
Compiling source file /home/IC/Projects/System/RTL/UART_RX_FSM.sv
Presto compilation completed successfully.
1
analyze -format verilog UART_TX.v
Running PRESTO HDLC
Compiling source file /home/IC/Projects/System/RTL/UART_TX.v
Presto compilation completed successfully.
1
analyze -format verilog mux2X1.v
Running PRESTO HDLC
Compiling source file /home/IC/Projects/System/RTL/mux2X1.v
Presto compilation completed successfully.
1
elaborate -lib work SYS_TOP
Loading db file '/opt/Synopsys/Synplify2015/libraries/syn/gtech.db'
Loading db file '/opt/Synopsys/Synplify2015/libraries/syn/standard.sldb'
  Loading link library 'scmetro_tsmc_cl013g_rvt_ss_1p08v_125c'
  Loading link library 'scmetro_tsmc_cl013g_rvt_tt_1p2v_25c'
  Loading link library 'scmetro_tsmc_cl013g_rvt_ff_1p32v_m40c'
  Loading link library 'gtech'
Running PRESTO HDLC
Presto compilation completed successfully.
Elaborated 1 design.
Current design is now 'SYS_TOP'.
Information: Building the design 'mux2X1'. (HDL-193)
Presto compilation completed successfully.
Information: Building the design 'UART' instantiated from design 'SYS_TOP' with
	the parameters "IN_width=8,DATA_WIDTH=8". (HDL-193)
Presto compilation completed successfully.
Information: Building the design 'CLKDIV_MUX' instantiated from design 'SYS_TOP' with
	the parameters "DATA_WIDTH=8". (HDL-193)

Statistics for case statements in always block at line 8 in file
	'/home/IC/Projects/System/RTL/CLKDIV_MUX.v'
===============================================
|           Line           |  full/ parallel  |
===============================================
|            10            |    auto/auto     |
===============================================
Presto compilation completed successfully.
Information: Building the design 'Clock_Divider'. (HDL-193)

Inferred memory devices in process
	in routine Clock_Divider line 21 in file
		'/home/IC/Projects/System/RTL/Clock_Divider.v'.
===============================================================================
|    Register Name    |   Type    | Width | Bus | MB | AR | AS | SR | SS | ST |
===============================================================================
|   div_clk_reg_reg   | Flip-flop |   1   |  N  | N  | Y  | N  | N  | N  | N  |
|      flag_reg       | Flip-flop |   1   |  N  | N  | Y  | N  | N  | N  | N  |
|     counter_reg     | Flip-flop |   8   |  Y  | N  | Y  | N  | N  | N  | N  |
===============================================================================
Presto compilation completed successfully.
Information: Building the design 'RST_SYNC'. (HDL-193)

Inferred memory devices in process
	in routine RST_SYNC line 11 in file
		'/home/IC/Projects/System/RTL/RST_SYNC.v'.
===============================================================================
|    Register Name    |   Type    | Width | Bus | MB | AR | AS | SR | SS | ST |
===============================================================================
|    reg_sync_reg     | Flip-flop |   2   |  Y  | N  | Y  | N  | N  | N  | N  |
===============================================================================
Presto compilation completed successfully.
Information: Building the design 'DATA_SYNC' instantiated from design 'SYS_TOP' with
	the parameters "BUS_WIDTH=8". (HDL-193)

Inferred memory devices in process
	in routine DATA_SYNC_BUS_WIDTH8 line 17 in file
		'/home/IC/Projects/System/RTL/DATA_SYNC.v'.
===============================================================================
|    Register Name    |   Type    | Width | Bus | MB | AR | AS | SR | SS | ST |
===============================================================================
|    reg_sync_reg     | Flip-flop |   2   |  Y  | N  | Y  | N  | N  | N  | N  |
===============================================================================

Inferred memory devices in process
	in routine DATA_SYNC_BUS_WIDTH8 line 25 in file
		'/home/IC/Projects/System/RTL/DATA_SYNC.v'.
===============================================================================
|    Register Name    |   Type    | Width | Bus | MB | AR | AS | SR | SS | ST |
===============================================================================
|   enable_flop_reg   | Flip-flop |   1   |  N  | N  | Y  | N  | N  | N  | N  |
===============================================================================

Inferred memory devices in process
	in routine DATA_SYNC_BUS_WIDTH8 line 36 in file
		'/home/IC/Projects/System/RTL/DATA_SYNC.v'.
===============================================================================
|    Register Name    |   Type    | Width | Bus | MB | AR | AS | SR | SS | ST |
===============================================================================
|  enable_pulse_reg   | Flip-flop |   1   |  N  | N  | Y  | N  | N  | N  | N  |
|    sync_bus_reg     | Flip-flop |   8   |  Y  | N  | Y  | N  | N  | N  | N  |
===============================================================================
Presto compilation completed successfully.
Information: Building the design 'SYS_CTRL' instantiated from design 'SYS_TOP' with
	the parameters "WIDTH=8,ADDR=4". (HDL-193)

Statistics for case statements in always block at line 81 in file
	'/home/IC/Projects/System/RTL/SYS_CTRL.sv'
===============================================
|           Line           |  full/ parallel  |
===============================================
|            95            |    auto/auto     |
|           104            |     no/auto      |
|           130            |     no/auto      |
|           176            |     no/auto      |
===============================================

Inferred memory devices in process
	in routine SYS_CTRL_WIDTH8_ADDR4 line 62 in file
		'/home/IC/Projects/System/RTL/SYS_CTRL.sv'.
===============================================================================
|    Register Name    |   Type    | Width | Bus | MB | AR | AS | SR | SS | ST |
===============================================================================
|  store_frames_reg   | Flip-flop |  28   |  Y  | N  | Y  | N  | N  | N  | N  |
|  current_state_reg  | Flip-flop |   3   |  Y  | N  | Y  | N  | N  | N  | N  |
|    frame_cnt_reg    | Flip-flop |   3   |  Y  | N  | Y  | N  | N  | N  | N  |
===============================================================================
Presto compilation completed successfully.
Information: Building the design 'Register_File' instantiated from design 'SYS_TOP' with
	the parameters "WIDTH=8,ADDR=4". (HDL-193)

Inferred memory devices in process
	in routine Register_File_WIDTH8_ADDR4 line 24 in file
		'/home/IC/Projects/System/RTL/Register_File.v'.
===============================================================================
|    Register Name    |   Type    | Width | Bus | MB | AR | AS | SR | SS | ST |
===============================================================================
|       REG_reg       | Flip-flop |  125  |  Y  | N  | Y  | N  | N  | N  | N  |
|       REG_reg       | Flip-flop |   3   |  Y  | N  | N  | Y  | N  | N  | N  |
|     RdData_reg      | Flip-flop |   8   |  Y  | N  | Y  | N  | N  | N  | N  |
|  RdData_Valid_reg   | Flip-flop |   1   |  N  | N  | Y  | N  | N  | N  | N  |
===============================================================================
Statistics for MUX_OPs
========================================================================
|       block name/line         | Inputs | Outputs | # sel inputs | MB |
========================================================================
| Register_File_WIDTH8_ADDR4/46 |   16   |    8    |      4       | N  |
========================================================================
Presto compilation completed successfully.
Information: Building the design 'CLK_GATE'. (HDL-193)
Presto compilation completed successfully.
Information: Building the design 'ALU' instantiated from design 'SYS_TOP' with
	the parameters "DATA_WIDTH=8". (HDL-193)

Statistics for case statements in always block at line 18 in file
	'/home/IC/Projects/System/RTL/ALU.v'
===============================================
|           Line           |  full/ parallel  |
===============================================
|            26            |    auto/auto     |
===============================================

Inferred memory devices in process
	in routine ALU_DATA_WIDTH8 line 91 in file
		'/home/IC/Projects/System/RTL/ALU.v'.
===============================================================================
|    Register Name    |   Type    | Width | Bus | MB | AR | AS | SR | SS | ST |
===============================================================================
|     ALU_OUT_reg     | Flip-flop |  16   |  Y  | N  | Y  | N  | N  | N  | N  |
|    OUT_VALID_reg    | Flip-flop |   1   |  N  | N  | Y  | N  | N  | N  | N  |
===============================================================================
Presto compilation completed successfully.
Information: Building the design 'ASYNC_FIFO' instantiated from design 'SYS_TOP' with
	the parameters "DATA_WIDTH=8". (HDL-193)
Presto compilation completed successfully.
Information: Building the design 'PULSE_GEN'. (HDL-193)

Inferred memory devices in process
	in routine PULSE_GEN line 9 in file
		'/home/IC/Projects/System/RTL/PULSE_GEN.v'.
===============================================================================
|    Register Name    |   Type    | Width | Bus | MB | AR | AS | SR | SS | ST |
===============================================================================
|       d1_reg        | Flip-flop |   1   |  N  | N  | Y  | N  | N  | N  | N  |
|       d2_reg        | Flip-flop |   1   |  N  | N  | Y  | N  | N  | N  | N  |
===============================================================================
Presto compilation completed successfully.
Information: Building the design 'UART_TX' instantiated from design 'UART_IN_width8_DATA_WIDTH8' with
	the parameters "IN_width=8". (HDL-193)
Presto compilation completed successfully.
Information: Building the design 'UART_RX' instantiated from design 'UART_IN_width8_DATA_WIDTH8' with
	the parameters "prescale_width=6,DATA_WIDTH=8". (HDL-193)
Presto compilation completed successfully.
Information: Building the design 'FIFO_WR' instantiated from design 'ASYNC_FIFO_DATA_WIDTH8' with
	the parameters "ADDR_WIDTH=3". (HDL-193)

Inferred memory devices in process
	in routine FIFO_WR_ADDR_WIDTH3 line 31 in file
		'/home/IC/Projects/System/RTL/FIFO_WR.v'.
===============================================================================
|    Register Name    |   Type    | Width | Bus | MB | AR | AS | SR | SS | ST |
===============================================================================
|      wptr_reg       | Flip-flop |   4   |  Y  | N  | Y  | N  | N  | N  | N  |
|      wfull_reg      | Flip-flop |   1   |  N  | N  | Y  | N  | N  | N  | N  |
|      wbin_reg       | Flip-flop |   4   |  Y  | N  | Y  | N  | N  | N  | N  |
===============================================================================
Presto compilation completed successfully.
Information: Building the design 'FIFO_RD' instantiated from design 'ASYNC_FIFO_DATA_WIDTH8' with
	the parameters "ADDR_WIDTH=3". (HDL-193)

Inferred memory devices in process
	in routine FIFO_RD_ADDR_WIDTH3 line 27 in file
		'/home/IC/Projects/System/RTL/FIFO_RD.v'.
===============================================================================
|    Register Name    |   Type    | Width | Bus | MB | AR | AS | SR | SS | ST |
===============================================================================
|      rptr_reg       | Flip-flop |   4   |  Y  | N  | Y  | N  | N  | N  | N  |
|     rempty_reg      | Flip-flop |   1   |  N  | N  | N  | Y  | N  | N  | N  |
|      rbin_reg       | Flip-flop |   4   |  Y  | N  | Y  | N  | N  | N  | N  |
===============================================================================
Presto compilation completed successfully.
Information: Building the design 'DF_SYNC' instantiated from design 'ASYNC_FIFO_DATA_WIDTH8' with
	the parameters "ADDR_WIDTH=3". (HDL-193)

Inferred memory devices in process
	in routine DF_SYNC_ADDR_WIDTH3 line 12 in file
		'/home/IC/Projects/System/RTL/DF_SYNC.v'.
===============================================================================
|    Register Name    |   Type    | Width | Bus | MB | AR | AS | SR | SS | ST |
===============================================================================
|    reg_sync1_reg    | Flip-flop |   4   |  Y  | N  | Y  | N  | N  | N  | N  |
|    reg_sync2_reg    | Flip-flop |   4   |  Y  | N  | Y  | N  | N  | N  | N  |
===============================================================================
Presto compilation completed successfully.
Information: Building the design 'FIFO_MEM_CNTRL' instantiated from design 'ASYNC_FIFO_DATA_WIDTH8' with
	the parameters "DATA_WIDTH=8,ADDR_WIDTH=3". (HDL-193)

Inferred memory devices in process
	in routine FIFO_MEM_CNTRL_DATA_WIDTH8_ADDR_WIDTH3 line 22 in file
		'/home/IC/Projects/System/RTL/FIFO_MEM_CNTRL.v'.
===============================================================================
|    Register Name    |   Type    | Width | Bus | MB | AR | AS | SR | SS | ST |
===============================================================================
|       mem_reg       | Flip-flop |  64   |  Y  | N  | Y  | N  | N  | N  | N  |
===============================================================================
Statistics for MUX_OPs
====================================================================================
|             block name/line               | Inputs | Outputs | # sel inputs | MB |
====================================================================================
| FIFO_MEM_CNTRL_DATA_WIDTH8_ADDR_WIDTH3/33 |   8    |    8    |      3       | N  |
====================================================================================
Presto compilation completed successfully.
Information: Building the design 'serializer' instantiated from design 'UART_TX_IN_width8' with
	the parameters "IN_width=8". (HDL-193)

Inferred memory devices in process
	in routine serializer_IN_width8 line 58 in file
		'/home/IC/Projects/System/RTL/serializer.v'.
===============================================================================
|    Register Name    |   Type    | Width | Bus | MB | AR | AS | SR | SS | ST |
===============================================================================
|     DATA_V_reg      | Flip-flop |   8   |  Y  | N  | Y  | N  | N  | N  | N  |
===============================================================================

Inferred memory devices in process
	in routine serializer_IN_width8 line 76 in file
		'/home/IC/Projects/System/RTL/serializer.v'.
===============================================================================
|    Register Name    |   Type    | Width | Bus | MB | AR | AS | SR | SS | ST |
===============================================================================
|    ser_count_reg    | Flip-flop |   3   |  Y  | N  | Y  | N  | N  | N  | N  |
===============================================================================
Presto compilation completed successfully.
Information: Building the design 'parity_calc' instantiated from design 'UART_TX_IN_width8' with
	the parameters "IN_width=8". (HDL-193)

Inferred memory devices in process
	in routine parity_calc_IN_width8 line 17 in file
		'/home/IC/Projects/System/RTL/parity_calc.v'.
===============================================================================
|    Register Name    |   Type    | Width | Bus | MB | AR | AS | SR | SS | ST |
===============================================================================
|    reg_data_reg     | Flip-flop |   8   |  Y  | N  | Y  | N  | N  | N  | N  |
===============================================================================

Inferred memory devices in process
	in routine parity_calc_IN_width8 line 27 in file
		'/home/IC/Projects/System/RTL/parity_calc.v'.
===============================================================================
|    Register Name    |   Type    | Width | Bus | MB | AR | AS | SR | SS | ST |
===============================================================================
|     par_bit_reg     | Flip-flop |   1   |  N  | N  | Y  | N  | N  | N  | N  |
===============================================================================
Presto compilation completed successfully.
Information: Building the design 'FSM'. (HDL-193)

Statistics for case statements in always block at line 32 in file
	'/home/IC/Projects/System/RTL/FSM.sv'
===============================================
|           Line           |  full/ parallel  |
===============================================
|            34            |    auto/auto     |
===============================================

Statistics for case statements in always block at line 77 in file
	'/home/IC/Projects/System/RTL/FSM.sv'
===============================================
|           Line           |  full/ parallel  |
===============================================
|            82            |    auto/auto     |
===============================================

Inferred memory devices in process
	in routine FSM line 25 in file
		'/home/IC/Projects/System/RTL/FSM.sv'.
===============================================================================
|    Register Name    |   Type    | Width | Bus | MB | AR | AS | SR | SS | ST |
===============================================================================
|  current_state_reg  | Flip-flop |   3   |  Y  | N  | Y  | N  | N  | N  | N  |
===============================================================================

Inferred memory devices in process
	in routine FSM line 132 in file
		'/home/IC/Projects/System/RTL/FSM.sv'.
===============================================================================
|    Register Name    |   Type    | Width | Bus | MB | AR | AS | SR | SS | ST |
===============================================================================
|      busy_reg       | Flip-flop |   1   |  N  | N  | Y  | N  | N  | N  | N  |
===============================================================================
Presto compilation completed successfully.
Information: Building the design 'MUX'. (HDL-193)

Statistics for case statements in always block at line 16 in file
	'/home/IC/Projects/System/RTL/MUX.v'
===============================================
|           Line           |  full/ parallel  |
===============================================
|            17            |    auto/auto     |
===============================================

Inferred memory devices in process
	in routine MUX line 26 in file
		'/home/IC/Projects/System/RTL/MUX.v'.
===============================================================================
|    Register Name    |   Type    | Width | Bus | MB | AR | AS | SR | SS | ST |
===============================================================================
|     TX_OUT_reg      | Flip-flop |   1   |  N  | N  | N  | Y  | N  | N  | N  |
===============================================================================
Presto compilation completed successfully.
Information: Building the design 'data_sampling' instantiated from design 'UART_RX_prescale_width6_DATA_WIDTH8' with
	the parameters "prescale_width=6". (HDL-193)

Inferred memory devices in process
	in routine data_sampling_prescale_width6 line 14 in file
		'/home/IC/Projects/System/RTL/data_sampling.v'.
===============================================================================
|    Register Name    |   Type    | Width | Bus | MB | AR | AS | SR | SS | ST |
===============================================================================
|    sample_1_reg     | Flip-flop |   1   |  N  | N  | N  | Y  | N  | N  | N  |
|    sample_2_reg     | Flip-flop |   1   |  N  | N  | N  | Y  | N  | N  | N  |
|   sampled_bit_reg   | Flip-flop |   1   |  N  | N  | N  | Y  | N  | N  | N  |
|    sample_3_reg     | Flip-flop |   1   |  N  | N  | N  | Y  | N  | N  | N  |
===============================================================================
Presto compilation completed successfully.
Information: Building the design 'edge_bit_counter' instantiated from design 'UART_RX_prescale_width6_DATA_WIDTH8' with
	the parameters "prescale_width=6,bit_cnt_width=4". (HDL-193)

Inferred memory devices in process
	in routine edge_bit_counter_prescale_width6_bit_cnt_width4 line 11 in file
		'/home/IC/Projects/System/RTL/edge_bit_counter.v'.
===============================================================================
|    Register Name    |   Type    | Width | Bus | MB | AR | AS | SR | SS | ST |
===============================================================================
|    edge_cnt_reg     | Flip-flop |   6   |  Y  | N  | Y  | N  | N  | N  | N  |
|     bit_cnt_reg     | Flip-flop |   4   |  Y  | N  | Y  | N  | N  | N  | N  |
===============================================================================
Presto compilation completed successfully.
Information: Building the design 'deserializer' instantiated from design 'UART_RX_prescale_width6_DATA_WIDTH8' with
	the parameters "DATA_WIDTH=8,bit_cnt_width=4". (HDL-193)

Inferred memory devices in process
	in routine deserializer_DATA_WIDTH8_bit_cnt_width4 line 12 in file
		'/home/IC/Projects/System/RTL/deserializer.v'.
===============================================================================
|    Register Name    |   Type    | Width | Bus | MB | AR | AS | SR | SS | ST |
===============================================================================
|     P_DATA_reg      | Flip-flop |   8   |  Y  | N  | Y  | N  | N  | N  | N  |
===============================================================================
Presto compilation completed successfully.
Information: Building the design 'parity_check' instantiated from design 'UART_RX_prescale_width6_DATA_WIDTH8' with
	the parameters "DATA_WIDTH=8". (HDL-193)

Inferred memory devices in process
	in routine parity_check_DATA_WIDTH8 line 17 in file
		'/home/IC/Projects/System/RTL/parity_check.v'.
===============================================================================
|    Register Name    |   Type    | Width | Bus | MB | AR | AS | SR | SS | ST |
===============================================================================
|     par_err_reg     | Flip-flop |   1   |  N  | N  | Y  | N  | N  | N  | N  |
===============================================================================
Presto compilation completed successfully.
Information: Building the design 'stop_check'. (HDL-193)

Inferred memory devices in process
	in routine stop_check line 11 in file
		'/home/IC/Projects/System/RTL/stop_check.v'.
===============================================================================
|    Register Name    |   Type    | Width | Bus | MB | AR | AS | SR | SS | ST |
===============================================================================
|     stp_err_reg     | Flip-flop |   1   |  N  | N  | Y  | N  | N  | N  | N  |
===============================================================================
Presto compilation completed successfully.
Information: Building the design 'start_check'. (HDL-193)

Inferred memory devices in process
	in routine start_check line 11 in file
		'/home/IC/Projects/System/RTL/start_check.v'.
===============================================================================
|    Register Name    |   Type    | Width | Bus | MB | AR | AS | SR | SS | ST |
===============================================================================
|   strt_glitch_reg   | Flip-flop |   1   |  N  | N  | Y  | N  | N  | N  | N  |
===============================================================================
Presto compilation completed successfully.
Information: Building the design 'UART_RX_FSM' instantiated from design 'UART_RX_prescale_width6_DATA_WIDTH8' with
	the parameters "DATA_WIDTH=8,bit_cnt_width=4". (HDL-193)
Warning:  /home/IC/Projects/System/RTL/UART_RX_FSM.sv:85: signed to unsigned conversion occurs. (VER-318)
Warning:  /home/IC/Projects/System/RTL/UART_RX_FSM.sv:100: signed to unsigned conversion occurs. (VER-318)
Warning:  /home/IC/Projects/System/RTL/UART_RX_FSM.sv:109: signed to unsigned conversion occurs. (VER-318)

Statistics for case statements in always block at line 46 in file
	'/home/IC/Projects/System/RTL/UART_RX_FSM.sv'
===============================================
|           Line           |  full/ parallel  |
===============================================
|            57            |    auto/auto     |
===============================================

Inferred memory devices in process
	in routine UART_RX_FSM_DATA_WIDTH8_bit_cnt_width4 line 38 in file
		'/home/IC/Projects/System/RTL/UART_RX_FSM.sv'.
===============================================================================
|    Register Name    |   Type    | Width | Bus | MB | AR | AS | SR | SS | ST |
===============================================================================
|  current_state_reg  | Flip-flop |   3   |  Y  | N  | Y  | N  | N  | N  | N  |
===============================================================================
Presto compilation completed successfully.
1
###################### Defining toplevel ###################################
current_design $top_module
Current design is 'SYS_TOP'.
{SYS_TOP}
#################### Liniking All The Design Parts #########################
puts "###############################################"
###############################################
puts "######## Liniking All The Design Parts ########"
######## Liniking All The Design Parts ########
puts "###############################################"
###############################################
link 

  Linking design 'SYS_TOP'
  Using the following designs and libraries:
  --------------------------------------------------------------------------
  * (30 designs)              /home/IC/Projects/System/DFT/SYS_TOP.db, etc
  scmetro_tsmc_cl013g_rvt_ss_1p08v_125c (library) /home/IC/tsmc_fb_cl013g_sc/aci/sc-m/synopsys/scmetro_tsmc_cl013g_rvt_ss_1p08v_125c.db
  scmetro_tsmc_cl013g_rvt_tt_1p2v_25c (library) /home/IC/tsmc_fb_cl013g_sc/aci/sc-m/synopsys/scmetro_tsmc_cl013g_rvt_tt_1p2v_25c.db
  scmetro_tsmc_cl013g_rvt_ff_1p32v_m40c (library) /home/IC/tsmc_fb_cl013g_sc/aci/sc-m/synopsys/scmetro_tsmc_cl013g_rvt_ff_1p32v_m40c.db

1
#################### Liniking All The Design Parts #########################
puts "###############################################"
###############################################
puts "######## checking design consistency ##########"
######## checking design consistency ##########
puts "###############################################"
###############################################
check_design
 
****************************************
check_design summary:
Version:     K-2015.06
Date:        Fri Oct 10 16:42:22 2025
****************************************

                   Name                                            Total
--------------------------------------------------------------------------------
Inputs/Outputs                                                     21
    Unconnected ports (LINT-28)                                    13
    Shorted outputs (LINT-31)                                       3
    Constant outputs (LINT-52)                                      5

Cells                                                              15
    Cells do not drive (LINT-1)                                    15
--------------------------------------------------------------------------------

Warning: In design 'Clock_Divider', cell 'C106' does not drive any nets. (LINT-1)
Warning: In design 'SYS_CTRL_WIDTH8_ADDR4', cell 'C757' does not drive any nets. (LINT-1)
Warning: In design 'ALU_DATA_WIDTH8', cell 'C341' does not drive any nets. (LINT-1)
Warning: In design 'ALU_DATA_WIDTH8', cell 'C342' does not drive any nets. (LINT-1)
Warning: In design 'ALU_DATA_WIDTH8', cell 'C343' does not drive any nets. (LINT-1)
Warning: In design 'ALU_DATA_WIDTH8', cell 'C344' does not drive any nets. (LINT-1)
Warning: In design 'ALU_DATA_WIDTH8', cell 'C369' does not drive any nets. (LINT-1)
Warning: In design 'ALU_DATA_WIDTH8', cell 'C371' does not drive any nets. (LINT-1)
Warning: In design 'ALU_DATA_WIDTH8', cell 'C373' does not drive any nets. (LINT-1)
Warning: In design 'serializer_IN_width8', cell 'C99' does not drive any nets. (LINT-1)
Warning: In design 'data_sampling_prescale_width6', cell 'C85' does not drive any nets. (LINT-1)
Warning: In design 'edge_bit_counter_prescale_width6_bit_cnt_width4', cell 'C72' does not drive any nets. (LINT-1)
Warning: In design 'edge_bit_counter_prescale_width6_bit_cnt_width4', cell 'C75' does not drive any nets. (LINT-1)
Warning: In design 'deserializer_DATA_WIDTH8_bit_cnt_width4', cell 'C131' does not drive any nets. (LINT-1)
Warning: In design 'UART_RX_FSM_DATA_WIDTH8_bit_cnt_width4', cell 'B_12' does not drive any nets. (LINT-1)
Warning: In design 'SYS_TOP', port 'SE' is not connected to any nets. (LINT-28)
Warning: In design 'SYS_TOP', port 'SI[3]' is not connected to any nets. (LINT-28)
Warning: In design 'SYS_TOP', port 'SI[2]' is not connected to any nets. (LINT-28)
Warning: In design 'SYS_TOP', port 'SI[1]' is not connected to any nets. (LINT-28)
Warning: In design 'SYS_TOP', port 'SI[0]' is not connected to any nets. (LINT-28)
Warning: In design 'SYS_TOP', port 'SO[3]' is not connected to any nets. (LINT-28)
Warning: In design 'SYS_TOP', port 'SO[2]' is not connected to any nets. (LINT-28)
Warning: In design 'SYS_TOP', port 'SO[1]' is not connected to any nets. (LINT-28)
Warning: In design 'SYS_TOP', port 'SO[0]' is not connected to any nets. (LINT-28)
Warning: In design 'FIFO_MEM_CNTRL_DATA_WIDTH8_ADDR_WIDTH3', port 'rclk' is not connected to any nets. (LINT-28)
Warning: In design 'FIFO_MEM_CNTRL_DATA_WIDTH8_ADDR_WIDTH3', port 'rrst_n' is not connected to any nets. (LINT-28)
Warning: In design 'FIFO_MEM_CNTRL_DATA_WIDTH8_ADDR_WIDTH3', port 'rclken' is not connected to any nets. (LINT-28)
Warning: In design 'data_sampling_prescale_width6', port 'prescale[0]' is not connected to any nets. (LINT-28)
Warning: In design 'CLKDIV_MUX_DATA_WIDTH8', output port 'OUT[7]' is connected directly to output port 'OUT[4]'. (LINT-31)
Warning: In design 'CLKDIV_MUX_DATA_WIDTH8', output port 'OUT[7]' is connected directly to output port 'OUT[5]'. (LINT-31)
Warning: In design 'CLKDIV_MUX_DATA_WIDTH8', output port 'OUT[7]' is connected directly to output port 'OUT[6]'. (LINT-31)
Warning: In design 'CLKDIV_MUX_DATA_WIDTH8', output port 'OUT[7]' is connected directly to 'logic 0'. (LINT-52)
Warning: In design 'CLKDIV_MUX_DATA_WIDTH8', output port 'OUT[6]' is connected directly to 'logic 0'. (LINT-52)
Warning: In design 'CLKDIV_MUX_DATA_WIDTH8', output port 'OUT[5]' is connected directly to 'logic 0'. (LINT-52)
Warning: In design 'CLKDIV_MUX_DATA_WIDTH8', output port 'OUT[4]' is connected directly to 'logic 0'. (LINT-52)
Warning: In design 'SYS_CTRL_WIDTH8_ADDR4', output port 'clk_div_en' is connected directly to 'logic 1'. (LINT-52)
1
#################### Define Design Constraints #########################
puts "###############################################"
###############################################
puts "############ Design Constraints #### ##########"
############ Design Constraints #### ##########
puts "###############################################"
###############################################
source ./cons.tcl
Warning: Design rule attributes from the driving cell will be
	set on the port. (UID-401)
Warning: Design rule attributes from the driving cell will be
	set on the port. (UID-401)
Warning: Design rule attributes from the driving cell will be
	set on the port. (UID-401)
Warning: Design rule attributes from the driving cell will be
	set on the port. (UID-401)
Warning: Design rule attributes from the driving cell will be
	set on the port. (UID-401)
Warning: Design rule attributes from the driving cell will be
	set on the port. (UID-401)
Warning: Design rule attributes from the driving cell will be
	set on the port. (UID-401)
Using operating conditions 'scmetro_tsmc_cl013g_rvt_ss_1p08v_125c' found in library 'scmetro_tsmc_cl013g_rvt_ss_1p08v_125c'.
Using operating conditions 'scmetro_tsmc_cl013g_rvt_ff_1p32v_m40c' found in library 'scmetro_tsmc_cl013g_rvt_ff_1p32v_m40c'.
#################### Archirecture Scan Chains #########################
puts "###############################################"
###############################################
puts "############ Configure scan chains ############"
############ Configure scan chains ############
puts "###############################################"
###############################################
set_scan_configuration -clock_mixing no_mix  -style multiplexed_flip_flop -replace true -max_length 100
Accepted scan configuration for modes: all_dft
1
###################### Mapping and optimization ########################
puts "###############################################"
###############################################
puts "########## Mapping & Optimization #############"
########## Mapping & Optimization #############
puts "###############################################"
###############################################
#test_ready compile
compile -scan
Information: Choosing a test methodology will restrict the optimization of sequential cells. (UIO-12)
Information: Evaluating DesignWare library utilization. (UISN-27)

============================================================================
| DesignWare Building Block Library  |         Version         | Available |
============================================================================
| Basic DW Building Blocks           | K-2015.06-DWBB_201506.0 |     *     |
| Licensed DW Building Blocks        |                         |           |
============================================================================


Information: There are 36 potential problems in your design. Please run 'check_design' for more information. (LINT-99)


Warning: Operating condition scmetro_tsmc_cl013g_rvt_ss_1p08v_125c set on design SYS_TOP has different process,
voltage and temperatures parameters than the parameters at which target library 
scmetro_tsmc_cl013g_rvt_tt_1p2v_25c is characterized. Delays may be inaccurate as a result. (OPT-998)

  Beginning Pass 1 Mapping
  ------------------------
  Processing 'PULSE_GEN_0'
  Processing 'FIFO_MEM_CNTRL_DATA_WIDTH8_ADDR_WIDTH3'
  Processing 'DF_SYNC_ADDR_WIDTH3_0'
  Processing 'FIFO_RD_ADDR_WIDTH3'
  Processing 'FIFO_WR_ADDR_WIDTH3'
  Processing 'ASYNC_FIFO_DATA_WIDTH8'
  Processing 'ALU_DATA_WIDTH8'
  Processing 'CLK_GATE'
  Processing 'Register_File_WIDTH8_ADDR4'
  Processing 'SYS_CTRL_WIDTH8_ADDR4'
  Processing 'DATA_SYNC_BUS_WIDTH8'
  Processing 'RST_SYNC_0'
  Processing 'Clock_Divider_0'
  Processing 'CLKDIV_MUX_DATA_WIDTH8'
  Processing 'UART_RX_FSM_DATA_WIDTH8_bit_cnt_width4'
  Processing 'start_check'
  Processing 'stop_check'
  Processing 'parity_check_DATA_WIDTH8'
  Processing 'deserializer_DATA_WIDTH8_bit_cnt_width4'
  Processing 'edge_bit_counter_prescale_width6_bit_cnt_width4'
  Processing 'data_sampling_prescale_width6'
  Processing 'UART_RX_prescale_width6_DATA_WIDTH8'
  Processing 'MUX'
  Processing 'FSM'
  Processing 'parity_calc_IN_width8'
  Processing 'serializer_IN_width8'
  Processing 'UART_TX_IN_width8'
  Processing 'UART_IN_width8_DATA_WIDTH8'
  Processing 'mux2X1_0'
  Processing 'mux2X1_1'
  Processing 'SYS_TOP'

  Updating timing information
Information: Updating design information... (UID-85)

  Beginning Implementation Selection
  ----------------------------------
  Processing 'ALU_DATA_WIDTH8_DW_div_uns_0'
  Processing 'ALU_DATA_WIDTH8_DW01_sub_0'
  Processing 'ALU_DATA_WIDTH8_DW01_add_0'
  Processing 'ALU_DATA_WIDTH8_DW01_cmp6_0'
  Processing 'Clock_Divider_1_DW01_inc_0'
  Processing 'Clock_Divider_1_DW01_cmp6_0'
  Processing 'Clock_Divider_1_DW01_dec_0'
  Processing 'Clock_Divider_1_DW01_sub_0'
  Processing 'Clock_Divider_1_DW01_cmp2_0'
  Processing 'Clock_Divider_1_DW01_cmp6_1'
  Processing 'Clock_Divider_1_DW01_dec_1'
  Processing 'Clock_Divider_0_DW01_inc_0'
  Processing 'Clock_Divider_0_DW01_cmp6_0'
  Processing 'Clock_Divider_0_DW01_dec_0'
  Processing 'Clock_Divider_0_DW01_sub_0'
  Processing 'Clock_Divider_0_DW01_cmp2_0'
  Processing 'Clock_Divider_0_DW01_cmp6_1'
  Processing 'Clock_Divider_0_DW01_dec_1'
  Processing 'UART_RX_FSM_DATA_WIDTH8_bit_cnt_width4_DW01_cmp6_0'
  Processing 'UART_RX_FSM_DATA_WIDTH8_bit_cnt_width4_DW01_add_0'
  Processing 'edge_bit_counter_prescale_width6_bit_cnt_width4_DW01_inc_0'
  Processing 'edge_bit_counter_prescale_width6_bit_cnt_width4_DW01_cmp6_0'
  Processing 'edge_bit_counter_prescale_width6_bit_cnt_width4_DW01_dec_0'
  Processing 'data_sampling_prescale_width6_DW01_cmp6_0'
  Processing 'data_sampling_prescale_width6_DW01_cmp6_1'
  Processing 'data_sampling_prescale_width6_DW01_dec_0'
  Processing 'data_sampling_prescale_width6_DW01_cmp6_2'
  Processing 'data_sampling_prescale_width6_DW01_sub_0'
  Processing 'ALU_DATA_WIDTH8_DW02_mult_0'
  Processing 'ALU_DATA_WIDTH8_DW01_add_1'

  Beginning Mapping Optimizations  (Medium effort)
  -------------------------------
  Mapping Optimization (Phase 1)

                                  TOTAL                                      
   ELAPSED            WORST NEG   SETUP    DESIGN                            
    TIME      AREA      SLACK     COST    RULE COST         ENDPOINT         
  --------- --------- --------- --------- --------- -------------------------
    0:00:04   51258.2      0.00       0.0       0.7                          
    0:00:04   51258.2      0.00       0.0       0.7                          
    0:00:04   51258.2      0.00       0.0       0.7                          
    0:00:04   51258.2      0.00       0.0       0.7                          
    0:00:04   51258.2      0.00       0.0       0.7                          
    0:00:05   26901.7      0.00       0.0       0.0                          
    0:00:05   26842.9      0.00       0.0       0.0                          
    0:00:05   26842.9      0.00       0.0       0.0                          
    0:00:05   26842.9      0.00       0.0       0.0                          
    0:00:05   26842.9      0.00       0.0       0.0                          
    0:00:05   26842.9      0.00       0.0       0.0                          
    0:00:05   26842.9      0.00       0.0       0.0                          
    0:00:05   26842.9      0.00       0.0       0.0                          
    0:00:05   26842.9      0.00       0.0       0.0                          



  Beginning Delay Optimization Phase
  ----------------------------------

                                  TOTAL                                      
   ELAPSED            WORST NEG   SETUP    DESIGN                            
    TIME      AREA      SLACK     COST    RULE COST         ENDPOINT         
  --------- --------- --------- --------- --------- -------------------------
    0:00:05   26842.9      0.00       0.0       0.0                          
    0:00:05   26842.9      0.00       0.0       0.0                          
    0:00:05   26842.9      0.00       0.0       0.0                          


  Beginning Area-Recovery Phase  (cleanup)
  -----------------------------

                                  TOTAL                                      
   ELAPSED            WORST NEG   SETUP    DESIGN                            
    TIME      AREA      SLACK     COST    RULE COST         ENDPOINT         
  --------- --------- --------- --------- --------- -------------------------
    0:00:05   26842.9      0.00       0.0       0.0                          
    0:00:05   26842.9      0.00       0.0       0.0                          
    0:00:05   26749.9      0.00       0.0       0.0                          
    0:00:06   26728.7      0.00       0.0       0.0                          
    0:00:06   26708.7      0.00       0.0       0.0                          
    0:00:06   26697.0      0.00       0.0       0.0                          
    0:00:06   26693.4      0.00       0.0       0.0                          
    0:00:06   26693.4      0.00       0.0       0.0                          
    0:00:06   26693.4      0.00       0.0       0.0                          
    0:00:06   26684.0      0.00       0.0       0.0                          
    0:00:06   26684.0      0.00       0.0       0.0                          
    0:00:06   26684.0      0.00       0.0       0.0                          
    0:00:06   26684.0      0.00       0.0       0.0                          
    0:00:06   26684.0      0.00       0.0       0.0                          
    0:00:06   26684.0      0.00       0.0       0.0                          
    0:00:06   26701.7      0.00       0.0       0.0                          
Loading db file '/home/IC/tsmc_fb_cl013g_sc/aci/sc-m/synopsys/scmetro_tsmc_cl013g_rvt_ss_1p08v_125c.db'
Loading db file '/home/IC/tsmc_fb_cl013g_sc/aci/sc-m/synopsys/scmetro_tsmc_cl013g_rvt_tt_1p2v_25c.db'
Loading db file '/home/IC/tsmc_fb_cl013g_sc/aci/sc-m/synopsys/scmetro_tsmc_cl013g_rvt_ff_1p32v_m40c.db'


Note: Symbol # after min delay cost means estimated hold TNS across all active scenarios 


  Optimization Complete
  ---------------------
1
################################################################### 
# Setting Test Timing Variables
################################################################### 
# Preclock Measure Protocol (default protocol)
set test_default_period 100
100
set test_default_delay 0
0
set test_default_bidir_delay 0
0
set test_default_strobe 20
20
set test_default_strobe_width 0
0
########################## Define DFT Signals ##########################
set_dft_signal -port [get_ports scan_clk]  -type ScanClock   -view existing_dft  -timing {30 60}
Accepted dft signal specification for modes: all_dft
1
set_dft_signal -port [get_ports scan_rst]  -type Reset       -view existing_dft  -active_state 0
Accepted dft signal specification for modes: all_dft
1
set_dft_signal -port [get_ports test_mode] -type Constant    -view existing_dft  -active_state 1 
Accepted dft signal specification for modes: all_dft
1
set_dft_signal -port [get_ports test_mode] -type TestMode    -view spec          -active_state 1 
Accepted dft signal specification for modes: all_dft
1
set_dft_signal -port [get_ports SE]        -type ScanEnable  -view spec          -active_state 1   -usage scan
Accepted dft signal specification for modes: all_dft
1
set_dft_signal -port [get_ports SI]        -type ScanDataIn  -view spec 
Accepted dft signal specification for modes: all_dft
1
set_dft_signal -port [get_ports SO]        -type ScanDataOut -view spec 
Accepted dft signal specification for modes: all_dft
1
############################# Create Test Protocol #######################
create_test_protocol
In mode: all_dft...

Information: Starting test protocol creation. (TEST-219)
  ...reading user specified clock signals...
Information: Identified system/test clock port scan_clk (30.0,60.0). (TEST-265)
  ...reading user specified asynchronous signals...
Information: Identified active low asynchronous control port scan_rst. (TEST-266)
1
###################### Pre-DFT Design Rule Checking #######################
dft_drc -verbose
In mode: all_dft...
  Pre-DFT DRC enabled

Information: Starting test design rule checking. (TEST-222)
  Loading test protocol
  ...basic checks...
  ...basic sequential cell checks...
  	...checking for scan equivalents...
  ...checking vector rules...
  ...checking pre-dft rules...

-----------------------------------------------------------------
Begin Other violations...

Warning: Cell CLK_GATE_U0/U0 has constant 1 value. (TEST-505)

Other violations completed...
-----------------------------------------------------------------

-----------------------------------------------------------------
  DRC Report

  Total violations: 1

-----------------------------------------------------------------

1 OTHER VIOLATION
     1 Cell is constant 1 violation (TEST-505)


Warning: Violations occurred during test design rule checking. (TEST-124)

-----------------------------------------------------------------
  Sequential Cell Report

  1 out of 382 sequential cells have violations

-----------------------------------------------------------------

SEQUENTIAL CELLS WITH VIOLATIONS
      *   1 cell has constant 1 value
         CLK_GATE_U0/U0
SEQUENTIAL CELLS WITHOUT VIOLATIONS
      * 381 cells are valid scan cells
         UART_TX_CLK_U0/div_clk_reg_reg
         UART_TX_CLK_U0/flag_reg
         UART_TX_CLK_U0/counter_reg[7]
         UART_TX_CLK_U0/counter_reg[0]
         UART_TX_CLK_U0/counter_reg[6]
         UART_TX_CLK_U0/counter_reg[5]
         UART_TX_CLK_U0/counter_reg[4]
         UART_TX_CLK_U0/counter_reg[3]
         UART_TX_CLK_U0/counter_reg[2]
         UART_TX_CLK_U0/counter_reg[1]
         RST_SYNC_1/reg_sync_reg[0]
         RST_SYNC_1/reg_sync_reg[1]
         DATA_SYNC_U0/enable_flop_reg
         DATA_SYNC_U0/reg_sync_reg[1]
         DATA_SYNC_U0/sync_bus_reg[7]
         DATA_SYNC_U0/sync_bus_reg[6]
         DATA_SYNC_U0/sync_bus_reg[5]
         DATA_SYNC_U0/sync_bus_reg[4]
         DATA_SYNC_U0/sync_bus_reg[3]
         DATA_SYNC_U0/sync_bus_reg[2]
         DATA_SYNC_U0/sync_bus_reg[1]
         DATA_SYNC_U0/sync_bus_reg[0]
         DATA_SYNC_U0/enable_pulse_reg
         DATA_SYNC_U0/reg_sync_reg[0]
         SYS_CTRL_U0/store_frames_reg[3][2]
         SYS_CTRL_U0/store_frames_reg[3][1]
         SYS_CTRL_U0/store_frames_reg[3][0]
         SYS_CTRL_U0/store_frames_reg[2][7]
         SYS_CTRL_U0/store_frames_reg[2][6]
         SYS_CTRL_U0/store_frames_reg[2][5]
         SYS_CTRL_U0/store_frames_reg[2][4]
         SYS_CTRL_U0/store_frames_reg[2][3]
         SYS_CTRL_U0/store_frames_reg[2][2]
         SYS_CTRL_U0/store_frames_reg[2][1]
         SYS_CTRL_U0/store_frames_reg[2][0]
         SYS_CTRL_U0/store_frames_reg[1][7]
         SYS_CTRL_U0/store_frames_reg[1][6]
         SYS_CTRL_U0/store_frames_reg[1][5]
         SYS_CTRL_U0/store_frames_reg[1][4]
         SYS_CTRL_U0/store_frames_reg[1][3]
         SYS_CTRL_U0/store_frames_reg[1][2]
         SYS_CTRL_U0/frame_cnt_reg[1]
         SYS_CTRL_U0/store_frames_reg[1][0]
         SYS_CTRL_U0/store_frames_reg[1][1]
         SYS_CTRL_U0/frame_cnt_reg[0]
         SYS_CTRL_U0/store_frames_reg[0][0]
         SYS_CTRL_U0/store_frames_reg[0][4]
         SYS_CTRL_U0/store_frames_reg[0][3]
         SYS_CTRL_U0/store_frames_reg[0][7]
         SYS_CTRL_U0/store_frames_reg[0][6]
         SYS_CTRL_U0/store_frames_reg[0][5]
         SYS_CTRL_U0/store_frames_reg[0][2]
         SYS_CTRL_U0/store_frames_reg[0][1]
         SYS_CTRL_U0/current_state_reg[1]
         SYS_CTRL_U0/current_state_reg[2]
         SYS_CTRL_U0/current_state_reg[0]
         SYS_CTRL_U0/frame_cnt_reg[2]
         SYS_CTRL_U0/store_frames_reg[3][3]
         Register_File_U0/REG_reg[13][7]
         Register_File_U0/REG_reg[13][6]
         Register_File_U0/REG_reg[13][5]
         Register_File_U0/REG_reg[13][4]
         Register_File_U0/REG_reg[13][3]
         Register_File_U0/REG_reg[13][2]
         Register_File_U0/REG_reg[13][1]
         Register_File_U0/REG_reg[13][0]
         Register_File_U0/REG_reg[9][7]
         Register_File_U0/REG_reg[9][6]
         Register_File_U0/REG_reg[9][5]
         Register_File_U0/REG_reg[9][4]
         Register_File_U0/REG_reg[9][3]
         Register_File_U0/REG_reg[9][2]
         Register_File_U0/REG_reg[9][1]
         Register_File_U0/REG_reg[9][0]
         Register_File_U0/REG_reg[5][7]
         Register_File_U0/REG_reg[5][6]
         Register_File_U0/REG_reg[5][5]
         Register_File_U0/REG_reg[5][4]
         Register_File_U0/REG_reg[5][3]
         Register_File_U0/REG_reg[5][2]
         Register_File_U0/REG_reg[5][1]
         Register_File_U0/REG_reg[5][0]
         Register_File_U0/REG_reg[15][7]
         Register_File_U0/REG_reg[15][6]
         Register_File_U0/REG_reg[15][5]
         Register_File_U0/REG_reg[15][4]
         Register_File_U0/REG_reg[15][3]
         Register_File_U0/REG_reg[15][2]
         Register_File_U0/REG_reg[15][1]
         Register_File_U0/REG_reg[15][0]
         Register_File_U0/REG_reg[11][7]
         Register_File_U0/REG_reg[11][6]
         Register_File_U0/REG_reg[11][5]
         Register_File_U0/REG_reg[11][4]
         Register_File_U0/REG_reg[11][3]
         Register_File_U0/REG_reg[11][2]
         Register_File_U0/REG_reg[11][1]
         Register_File_U0/REG_reg[11][0]
         Register_File_U0/REG_reg[7][7]
         Register_File_U0/REG_reg[7][6]
         Register_File_U0/REG_reg[7][5]
         Register_File_U0/REG_reg[7][4]
         Register_File_U0/REG_reg[7][3]
         Register_File_U0/REG_reg[7][2]
         Register_File_U0/REG_reg[7][1]
         Register_File_U0/REG_reg[7][0]
         Register_File_U0/REG_reg[14][7]
         Register_File_U0/REG_reg[14][6]
         Register_File_U0/REG_reg[14][5]
         Register_File_U0/REG_reg[14][4]
         Register_File_U0/REG_reg[14][3]
         Register_File_U0/REG_reg[14][2]
         Register_File_U0/REG_reg[14][1]
         Register_File_U0/REG_reg[14][0]
         Register_File_U0/REG_reg[10][7]
         Register_File_U0/REG_reg[10][6]
         Register_File_U0/REG_reg[10][5]
         Register_File_U0/REG_reg[10][4]
         Register_File_U0/REG_reg[10][3]
         Register_File_U0/REG_reg[10][2]
         Register_File_U0/REG_reg[10][1]
         Register_File_U0/REG_reg[10][0]
         Register_File_U0/REG_reg[6][7]
         Register_File_U0/REG_reg[6][6]
         Register_File_U0/REG_reg[6][5]
         Register_File_U0/REG_reg[6][4]
         Register_File_U0/REG_reg[6][3]
         Register_File_U0/REG_reg[6][2]
         Register_File_U0/REG_reg[6][1]
         Register_File_U0/REG_reg[6][0]
         Register_File_U0/REG_reg[12][7]
         Register_File_U0/REG_reg[12][6]
         Register_File_U0/REG_reg[12][5]
         Register_File_U0/REG_reg[12][4]
         Register_File_U0/REG_reg[12][3]
         Register_File_U0/REG_reg[12][2]
         Register_File_U0/REG_reg[12][1]
         Register_File_U0/REG_reg[12][0]
         Register_File_U0/REG_reg[8][7]
         Register_File_U0/REG_reg[8][6]
         Register_File_U0/REG_reg[8][5]
         Register_File_U0/REG_reg[8][4]
         Register_File_U0/REG_reg[8][3]
         Register_File_U0/REG_reg[8][2]
         Register_File_U0/REG_reg[8][1]
         Register_File_U0/REG_reg[8][0]
         Register_File_U0/REG_reg[4][7]
         Register_File_U0/REG_reg[4][6]
         Register_File_U0/REG_reg[4][5]
         Register_File_U0/REG_reg[4][4]
         Register_File_U0/REG_reg[4][3]
         Register_File_U0/REG_reg[4][2]
         Register_File_U0/REG_reg[4][1]
         Register_File_U0/REG_reg[4][0]
         Register_File_U0/RdData_reg[7]
         Register_File_U0/RdData_reg[6]
         Register_File_U0/RdData_reg[5]
         Register_File_U0/RdData_reg[4]
         Register_File_U0/RdData_reg[3]
         Register_File_U0/RdData_reg[2]
         Register_File_U0/RdData_reg[1]
         Register_File_U0/RdData_reg[0]
         Register_File_U0/REG_reg[1][6]
         Register_File_U0/REG_reg[0][7]
         Register_File_U0/REG_reg[0][6]
         Register_File_U0/REG_reg[0][5]
         Register_File_U0/REG_reg[0][4]
         Register_File_U0/REG_reg[0][3]
         Register_File_U0/REG_reg[0][2]
         Register_File_U0/REG_reg[0][1]
         Register_File_U0/REG_reg[0][0]
         Register_File_U0/REG_reg[2][1]
         Register_File_U0/RdData_Valid_reg
         Register_File_U0/REG_reg[1][1]
         Register_File_U0/REG_reg[1][5]
         Register_File_U0/REG_reg[1][4]
         Register_File_U0/REG_reg[1][7]
         Register_File_U0/REG_reg[1][3]
         Register_File_U0/REG_reg[1][2]
         Register_File_U0/REG_reg[1][0]
         Register_File_U0/REG_reg[2][0]
         Register_File_U0/REG_reg[3][7]
         Register_File_U0/REG_reg[3][5]
         Register_File_U0/REG_reg[3][4]
         Register_File_U0/REG_reg[3][6]
         Register_File_U0/REG_reg[3][0]
         Register_File_U0/REG_reg[3][2]
         Register_File_U0/REG_reg[3][3]
         Register_File_U0/REG_reg[3][1]
         Register_File_U0/REG_reg[2][2]
         Register_File_U0/REG_reg[2][3]
         Register_File_U0/REG_reg[2][4]
         Register_File_U0/REG_reg[2][7]
         Register_File_U0/REG_reg[2][5]
         Register_File_U0/REG_reg[2][6]
         ALU_U0/ALU_OUT_reg[15]
         ALU_U0/ALU_OUT_reg[14]
         ALU_U0/ALU_OUT_reg[13]
         ALU_U0/ALU_OUT_reg[12]
         ALU_U0/ALU_OUT_reg[11]
         ALU_U0/ALU_OUT_reg[10]
         ALU_U0/ALU_OUT_reg[9]
         ALU_U0/ALU_OUT_reg[8]
         ALU_U0/ALU_OUT_reg[7]
         ALU_U0/ALU_OUT_reg[6]
         ALU_U0/ALU_OUT_reg[5]
         ALU_U0/ALU_OUT_reg[4]
         ALU_U0/ALU_OUT_reg[3]
         ALU_U0/ALU_OUT_reg[2]
         ALU_U0/ALU_OUT_reg[1]
         ALU_U0/ALU_OUT_reg[0]
         ALU_U0/OUT_VALID_reg
         PULSE_GEN_U0/d1_reg
         PULSE_GEN_U0/d2_reg
         ASYNC_FIFO_U0/u_wr/wbin_reg[3]
         ASYNC_FIFO_U0/u_wr/wbin_reg[2]
         ASYNC_FIFO_U0/u_wr/wfull_reg
         ASYNC_FIFO_U0/u_wr/wbin_reg[1]
         ASYNC_FIFO_U0/u_wr/wbin_reg[0]
         ASYNC_FIFO_U0/u_wr/wptr_reg[1]
         ASYNC_FIFO_U0/u_wr/wptr_reg[3]
         ASYNC_FIFO_U0/u_wr/wptr_reg[2]
         ASYNC_FIFO_U0/u_wr/wptr_reg[0]
         ASYNC_FIFO_U0/u_rd/rbin_reg[3]
         ASYNC_FIFO_U0/u_rd/rbin_reg[2]
         ASYNC_FIFO_U0/u_rd/rempty_reg
         ASYNC_FIFO_U0/u_rd/rbin_reg[0]
         ASYNC_FIFO_U0/u_rd/rbin_reg[1]
         ASYNC_FIFO_U0/u_rd/rptr_reg[1]
         ASYNC_FIFO_U0/u_rd/rptr_reg[3]
         ASYNC_FIFO_U0/u_rd/rptr_reg[2]
         ASYNC_FIFO_U0/u_rd/rptr_reg[0]
         ASYNC_FIFO_U0/r2w_DF_SYNC/reg_sync2_reg[3]
         ASYNC_FIFO_U0/r2w_DF_SYNC/reg_sync2_reg[2]
         ASYNC_FIFO_U0/r2w_DF_SYNC/reg_sync2_reg[1]
         ASYNC_FIFO_U0/r2w_DF_SYNC/reg_sync2_reg[0]
         ASYNC_FIFO_U0/r2w_DF_SYNC/reg_sync1_reg[3]
         ASYNC_FIFO_U0/r2w_DF_SYNC/reg_sync1_reg[2]
         ASYNC_FIFO_U0/r2w_DF_SYNC/reg_sync1_reg[1]
         ASYNC_FIFO_U0/r2w_DF_SYNC/reg_sync1_reg[0]
         ASYNC_FIFO_U0/u_FIFO_MEM/mem_reg[5][7]
         ASYNC_FIFO_U0/u_FIFO_MEM/mem_reg[5][6]
         ASYNC_FIFO_U0/u_FIFO_MEM/mem_reg[5][5]
         ASYNC_FIFO_U0/u_FIFO_MEM/mem_reg[5][4]
         ASYNC_FIFO_U0/u_FIFO_MEM/mem_reg[5][3]
         ASYNC_FIFO_U0/u_FIFO_MEM/mem_reg[5][2]
         ASYNC_FIFO_U0/u_FIFO_MEM/mem_reg[5][1]
         ASYNC_FIFO_U0/u_FIFO_MEM/mem_reg[5][0]
         ASYNC_FIFO_U0/u_FIFO_MEM/mem_reg[1][7]
         ASYNC_FIFO_U0/u_FIFO_MEM/mem_reg[1][6]
         ASYNC_FIFO_U0/u_FIFO_MEM/mem_reg[1][5]
         ASYNC_FIFO_U0/u_FIFO_MEM/mem_reg[1][4]
         ASYNC_FIFO_U0/u_FIFO_MEM/mem_reg[1][3]
         ASYNC_FIFO_U0/u_FIFO_MEM/mem_reg[1][2]
         ASYNC_FIFO_U0/u_FIFO_MEM/mem_reg[1][1]
         ASYNC_FIFO_U0/u_FIFO_MEM/mem_reg[1][0]
         ASYNC_FIFO_U0/u_FIFO_MEM/mem_reg[7][7]
         ASYNC_FIFO_U0/u_FIFO_MEM/mem_reg[7][6]
         ASYNC_FIFO_U0/u_FIFO_MEM/mem_reg[7][5]
         ASYNC_FIFO_U0/u_FIFO_MEM/mem_reg[7][4]
         ASYNC_FIFO_U0/u_FIFO_MEM/mem_reg[7][3]
         ASYNC_FIFO_U0/u_FIFO_MEM/mem_reg[7][2]
         ASYNC_FIFO_U0/u_FIFO_MEM/mem_reg[7][1]
         ASYNC_FIFO_U0/u_FIFO_MEM/mem_reg[7][0]
         ASYNC_FIFO_U0/u_FIFO_MEM/mem_reg[3][7]
         ASYNC_FIFO_U0/u_FIFO_MEM/mem_reg[3][6]
         ASYNC_FIFO_U0/u_FIFO_MEM/mem_reg[3][5]
         ASYNC_FIFO_U0/u_FIFO_MEM/mem_reg[3][4]
         ASYNC_FIFO_U0/u_FIFO_MEM/mem_reg[3][3]
         ASYNC_FIFO_U0/u_FIFO_MEM/mem_reg[3][2]
         ASYNC_FIFO_U0/u_FIFO_MEM/mem_reg[3][1]
         ASYNC_FIFO_U0/u_FIFO_MEM/mem_reg[3][0]
         ASYNC_FIFO_U0/u_FIFO_MEM/mem_reg[6][7]
         ASYNC_FIFO_U0/u_FIFO_MEM/mem_reg[6][6]
         ASYNC_FIFO_U0/u_FIFO_MEM/mem_reg[6][5]
         ASYNC_FIFO_U0/u_FIFO_MEM/mem_reg[6][4]
         ASYNC_FIFO_U0/u_FIFO_MEM/mem_reg[6][3]
         ASYNC_FIFO_U0/u_FIFO_MEM/mem_reg[6][2]
         ASYNC_FIFO_U0/u_FIFO_MEM/mem_reg[6][1]
         ASYNC_FIFO_U0/u_FIFO_MEM/mem_reg[6][0]
         ASYNC_FIFO_U0/u_FIFO_MEM/mem_reg[2][7]
         ASYNC_FIFO_U0/u_FIFO_MEM/mem_reg[2][6]
         ASYNC_FIFO_U0/u_FIFO_MEM/mem_reg[2][5]
         ASYNC_FIFO_U0/u_FIFO_MEM/mem_reg[2][4]
         ASYNC_FIFO_U0/u_FIFO_MEM/mem_reg[2][3]
         ASYNC_FIFO_U0/u_FIFO_MEM/mem_reg[2][2]
         ASYNC_FIFO_U0/u_FIFO_MEM/mem_reg[2][1]
         ASYNC_FIFO_U0/u_FIFO_MEM/mem_reg[2][0]
         ASYNC_FIFO_U0/u_FIFO_MEM/mem_reg[4][7]
         ASYNC_FIFO_U0/u_FIFO_MEM/mem_reg[4][6]
         ASYNC_FIFO_U0/u_FIFO_MEM/mem_reg[4][5]
         ASYNC_FIFO_U0/u_FIFO_MEM/mem_reg[4][4]
         ASYNC_FIFO_U0/u_FIFO_MEM/mem_reg[4][3]
         ASYNC_FIFO_U0/u_FIFO_MEM/mem_reg[4][2]
         ASYNC_FIFO_U0/u_FIFO_MEM/mem_reg[4][1]
         ASYNC_FIFO_U0/u_FIFO_MEM/mem_reg[4][0]
         ASYNC_FIFO_U0/u_FIFO_MEM/mem_reg[0][7]
         ASYNC_FIFO_U0/u_FIFO_MEM/mem_reg[0][6]
         ASYNC_FIFO_U0/u_FIFO_MEM/mem_reg[0][5]
         ASYNC_FIFO_U0/u_FIFO_MEM/mem_reg[0][4]
         ASYNC_FIFO_U0/u_FIFO_MEM/mem_reg[0][3]
         ASYNC_FIFO_U0/u_FIFO_MEM/mem_reg[0][2]
         ASYNC_FIFO_U0/u_FIFO_MEM/mem_reg[0][1]
         ASYNC_FIFO_U0/u_FIFO_MEM/mem_reg[0][0]
         UART_U0/UART_TX_U0/serializer_unit/DATA_V_reg[0]
         UART_U0/UART_TX_U0/serializer_unit/DATA_V_reg[6]
         UART_U0/UART_TX_U0/serializer_unit/DATA_V_reg[5]
         UART_U0/UART_TX_U0/serializer_unit/DATA_V_reg[4]
         UART_U0/UART_TX_U0/serializer_unit/DATA_V_reg[3]
         UART_U0/UART_TX_U0/serializer_unit/DATA_V_reg[2]
         UART_U0/UART_TX_U0/serializer_unit/DATA_V_reg[1]
         UART_U0/UART_TX_U0/serializer_unit/DATA_V_reg[7]
         UART_U0/UART_TX_U0/serializer_unit/ser_count_reg[1]
         UART_U0/UART_TX_U0/serializer_unit/ser_count_reg[2]
         UART_U0/UART_TX_U0/serializer_unit/ser_count_reg[0]
         UART_U0/UART_TX_U0/parity_calc_unit/par_bit_reg
         UART_U0/UART_TX_U0/parity_calc_unit/reg_data_reg[5]
         UART_U0/UART_TX_U0/parity_calc_unit/reg_data_reg[1]
         UART_U0/UART_TX_U0/parity_calc_unit/reg_data_reg[4]
         UART_U0/UART_TX_U0/parity_calc_unit/reg_data_reg[0]
         UART_U0/UART_TX_U0/parity_calc_unit/reg_data_reg[2]
         UART_U0/UART_TX_U0/parity_calc_unit/reg_data_reg[3]
         UART_U0/UART_TX_U0/parity_calc_unit/reg_data_reg[6]
         UART_U0/UART_TX_U0/parity_calc_unit/reg_data_reg[7]
         UART_U0/UART_TX_U0/FSM_unit/busy_reg
         UART_U0/UART_TX_U0/FSM_unit/current_state_reg[1]
         UART_U0/UART_TX_U0/FSM_unit/current_state_reg[2]
         UART_U0/UART_TX_U0/FSM_unit/current_state_reg[0]
         UART_U0/UART_TX_U0/MUX_unit/TX_OUT_reg
         UART_U0/UART_RX_U0/data_sampling_unit/sample_3_reg
         UART_U0/UART_RX_U0/data_sampling_unit/sample_1_reg
         UART_U0/UART_RX_U0/data_sampling_unit/sample_2_reg
         UART_U0/UART_RX_U0/data_sampling_unit/sampled_bit_reg
         UART_U0/UART_RX_U0/edge_bit_counter_unit/edge_cnt_reg[5]
         UART_U0/UART_RX_U0/edge_bit_counter_unit/edge_cnt_reg[4]
         UART_U0/UART_RX_U0/edge_bit_counter_unit/edge_cnt_reg[3]
         UART_U0/UART_RX_U0/edge_bit_counter_unit/edge_cnt_reg[2]
         UART_U0/UART_RX_U0/edge_bit_counter_unit/edge_cnt_reg[1]
         UART_U0/UART_RX_U0/edge_bit_counter_unit/edge_cnt_reg[0]
         UART_U0/UART_RX_U0/edge_bit_counter_unit/bit_cnt_reg[3]
         UART_U0/UART_RX_U0/edge_bit_counter_unit/bit_cnt_reg[1]
         UART_U0/UART_RX_U0/edge_bit_counter_unit/bit_cnt_reg[0]
         UART_U0/UART_RX_U0/edge_bit_counter_unit/bit_cnt_reg[2]
         UART_U0/UART_RX_U0/deserialize_unit/P_DATA_reg[5]
         UART_U0/UART_RX_U0/deserialize_unit/P_DATA_reg[1]
         UART_U0/UART_RX_U0/deserialize_unit/P_DATA_reg[4]
         UART_U0/UART_RX_U0/deserialize_unit/P_DATA_reg[0]
         UART_U0/UART_RX_U0/deserialize_unit/P_DATA_reg[7]
         UART_U0/UART_RX_U0/deserialize_unit/P_DATA_reg[3]
         UART_U0/UART_RX_U0/deserialize_unit/P_DATA_reg[6]
         UART_U0/UART_RX_U0/deserialize_unit/P_DATA_reg[2]
         UART_U0/UART_RX_U0/parity_check_unit/par_err_reg
         UART_U0/UART_RX_U0/stop_check_unit/stp_err_reg
         UART_U0/UART_RX_U0/start_check_unit/strt_glitch_reg
         UART_U0/UART_RX_U0/UART_RX_FSM_unit/current_state_reg[1]
         UART_U0/UART_RX_U0/UART_RX_FSM_unit/current_state_reg[2]
         UART_U0/UART_RX_U0/UART_RX_FSM_unit/current_state_reg[0]
         UART_RX_CLK_U0/div_clk_reg_reg
         UART_RX_CLK_U0/flag_reg
         UART_RX_CLK_U0/counter_reg[7]
         UART_RX_CLK_U0/counter_reg[0]
         UART_RX_CLK_U0/counter_reg[6]
         UART_RX_CLK_U0/counter_reg[5]
         UART_RX_CLK_U0/counter_reg[4]
         UART_RX_CLK_U0/counter_reg[3]
         UART_RX_CLK_U0/counter_reg[2]
         UART_RX_CLK_U0/counter_reg[1]
         RST_SYNC_2/reg_sync_reg[0]
         RST_SYNC_2/reg_sync_reg[1]
         ASYNC_FIFO_U0/u_rinc_gen/d1_reg
         ASYNC_FIFO_U0/u_rinc_gen/d2_reg
         ASYNC_FIFO_U0/u_winc_gen/d1_reg
         ASYNC_FIFO_U0/u_winc_gen/d2_reg
         ASYNC_FIFO_U0/w2r_DF_SYNC/reg_sync2_reg[3]
         ASYNC_FIFO_U0/w2r_DF_SYNC/reg_sync2_reg[2]
         ASYNC_FIFO_U0/w2r_DF_SYNC/reg_sync2_reg[1]
         ASYNC_FIFO_U0/w2r_DF_SYNC/reg_sync2_reg[0]
         ASYNC_FIFO_U0/w2r_DF_SYNC/reg_sync1_reg[3]
         ASYNC_FIFO_U0/w2r_DF_SYNC/reg_sync1_reg[2]
         ASYNC_FIFO_U0/w2r_DF_SYNC/reg_sync1_reg[1]
         ASYNC_FIFO_U0/w2r_DF_SYNC/reg_sync1_reg[0]

Information: Test design rule checking completed. (TEST-123)
1
############################# Preview DFT ##############################
preview_dft -show scan_summary
  Information: Using test design rule information from previous dft_drc run.
  Architecting Scan Chains

****************************************
Preview_dft report
For    : 'Insert_dft' command
Design : SYS_TOP
Version: K-2015.06
Date   : Fri Oct 10 16:42:41 2025
****************************************

Number of chains: 4
Scan methodology: full_scan
Scan style: multiplexed_flip_flop
Clock domain: no_mix

Chain      Scan Ports (si --> so)        # of Cells   Inst/Chain               Clock (port, time, edge)
-----      ----------------------        ----------   ----------               ------------------------
S 1        SI[3] -->  SO[3]                      96   ALU_U0/ALU_OUT_reg[0]    (scan_clk, 30.0, rising) 
S 2        SI[2] -->  SO[2]                      95   ASYNC_FIFO_U0/u_rd/rptr_reg[2]
                            (scan_clk, 30.0, rising) 
S 3        SI[1] -->  SO[1]                      95   Register_File_U0/REG_reg[6][6]
                            (scan_clk, 30.0, rising) 
S 4        SI[0] -->  SO[0]                      95   SYS_CTRL_U0/store_frames_reg[0][6]
                            (scan_clk, 30.0, rising) 
1
############################# Insert DFT ##############################
insert_dft
Loading db file '/home/IC/tsmc_fb_cl013g_sc/aci/sc-m/synopsys/scmetro_tsmc_cl013g_rvt_ss_1p08v_125c.db'
Loading db file '/home/IC/tsmc_fb_cl013g_sc/aci/sc-m/synopsys/scmetro_tsmc_cl013g_rvt_tt_1p2v_25c.db'
Loading db file '/home/IC/tsmc_fb_cl013g_sc/aci/sc-m/synopsys/scmetro_tsmc_cl013g_rvt_ff_1p32v_m40c.db'
  Information: Using test design rule information from previous dft_drc run.
  Architecting Scan Chains
  Routing Scan Chains
  Routing Global Signals
  Mapping New Logic
Resetting current test mode
  Beginning Mapping Optimizations
  -------------------------------

                                  TOTAL                                      
   ELAPSED            WORST NEG   SETUP    DESIGN                            
    TIME      AREA      SLACK     COST    RULE COST         ENDPOINT         
  --------- --------- --------- --------- --------- -------------------------


  Beginning Phase 1 Design Rule Fixing  (max_transition)  (max_capacitance)
  ------------------------------------

                                  TOTAL                                      
   ELAPSED            WORST NEG   SETUP    DESIGN                            
    TIME      AREA      SLACK     COST    RULE COST         ENDPOINT         
  --------- --------- --------- --------- --------- -------------------------
    0:00:21   26719.3      0.00       0.0      17.3 SE                       
    0:00:21   26719.3      0.00       0.0      17.3 SE                       
    0:00:21   26719.3      0.00       0.0      17.3 SE                       
    0:00:21   26719.3      0.00       0.0      17.3 SE                       
    0:00:21   26729.9      0.00       0.0      16.3 net12039                 
    0:00:21   26729.9      0.00       0.0      16.3 net12039                 
    0:00:21   26729.9      0.00       0.0      16.3 net12039                 
    0:00:21   26739.3      0.00       0.0      14.1 net12047                 
    0:00:21   26749.9      0.00       0.0      13.3 net12040                 
    0:00:21   26749.9      0.00       0.0      13.3 net12040                 
    0:00:21   26749.9      0.00       0.0      13.3 net12040                 
    0:00:21   26749.9      0.00       0.0      13.3 net12040                 
    0:00:21   26759.3      0.00       0.0      11.6 net12055                 
    0:00:21   26773.5      0.00       0.0      10.2 net12038                 
    0:00:21   26773.5      0.00       0.0      10.2 net12038                 
    0:00:21   26773.5      0.00       0.0      10.2 net12038                 
    0:00:21   26773.5      0.00       0.0      10.2 net12038                 
    0:00:21   26780.5      0.00       0.0      10.2 net12037                 
    0:00:21   26769.9      0.00       0.0       8.5 net12071                 
    0:00:21   26779.3      0.00       0.0       7.9 net12063                 
    0:00:21   26766.4      0.00       0.0       6.8 net12052                 
    0:00:21   26769.9      0.00       0.0       7.0 SE                       
    0:00:21   26779.3      0.00       0.0       6.2 net12076                 
    0:00:21   26766.4      0.00       0.0       5.9 net12060                 
    0:00:21   26804.0      0.00       0.0       2.3 Register_File_U0/test_se 
    0:00:21   26804.0      0.00       0.0       2.3 Register_File_U0/test_se 
    0:00:21   26804.0      0.00       0.0       2.3 Register_File_U0/test_se 
    0:00:21   26821.7      0.00       0.0       1.2 ASYNC_FIFO_U0/u_FIFO_MEM/test_se
    0:00:21   26821.7      0.00       0.0       1.2 ASYNC_FIFO_U0/u_FIFO_MEM/test_se
    0:00:21   26821.7      0.00       0.0       1.2 ASYNC_FIFO_U0/u_FIFO_MEM/test_se
    0:00:21   26828.8      0.00       0.0       0.7 UART_U0/UART_TX_U0/serializer_unit/test_se
    0:00:21   26835.8      0.00       0.0       0.3 UART_U0/UART_RX_U0/edge_bit_counter_unit/test_se
    0:00:21   26845.2      0.00       0.0       0.2 UART_TX_O                
    0:00:21   26845.2      0.00       0.0       0.2 Register_File_U0/net12081


  Beginning Phase 2 Design Rule Fixing  (max_transition)  (max_capacitance)
  ------------------------------------

                                  TOTAL                                      
   ELAPSED            WORST NEG   SETUP    DESIGN                            
    TIME      AREA      SLACK     COST    RULE COST         ENDPOINT         
  --------- --------- --------- --------- --------- -------------------------

1
######################## Optimize Logic post DFT #######################
compile -scan -incremental
Information: Choosing a test methodology will restrict the optimization of sequential cells. (UIO-12)

Information: There are 59 potential problems in your design. Please run 'check_design' for more information. (LINT-99)


Warning: Operating condition scmetro_tsmc_cl013g_rvt_ss_1p08v_125c set on design SYS_TOP has different process,
voltage and temperatures parameters than the parameters at which target library 
scmetro_tsmc_cl013g_rvt_tt_1p2v_25c is characterized. Delays may be inaccurate as a result. (OPT-998)

  Beginning Pass 1 Mapping  (Incremental)
  ------------------------

  Updating timing information
Information: Updating design information... (UID-85)

  Beginning Mapping Optimizations  (Medium effort)  (Incremental)
  -------------------------------

  Beginning Incremental Implementation Selection
  ----------------------------------------------
  Selecting implementations
  Selecting implementations
  Selecting implementations

  Beginning Delay Optimization Phase
  ----------------------------------

                                  TOTAL                                      
   ELAPSED            WORST NEG   SETUP    DESIGN                            
    TIME      AREA      SLACK     COST    RULE COST         ENDPOINT         
  --------- --------- --------- --------- --------- -------------------------
    0:00:02   26827.6      0.00       0.0       0.2                          
    0:00:02   26827.6      0.00       0.0       0.2                          
    0:00:02   26827.6      0.00       0.0       0.2                          


  Beginning Design Rule Fixing  (max_transition)  (max_capacitance)
  ----------------------------

                                  TOTAL                                      
   ELAPSED            WORST NEG   SETUP    DESIGN                            
    TIME      AREA      SLACK     COST    RULE COST         ENDPOINT         
  --------- --------- --------- --------- --------- -------------------------
    0:00:02   26827.6      0.00       0.0       0.2                          
    0:00:03   26840.5      0.00       0.0       0.0                          
Loading db file '/home/IC/tsmc_fb_cl013g_sc/aci/sc-m/synopsys/scmetro_tsmc_cl013g_rvt_ss_1p08v_125c.db'
Loading db file '/home/IC/tsmc_fb_cl013g_sc/aci/sc-m/synopsys/scmetro_tsmc_cl013g_rvt_tt_1p2v_25c.db'
Loading db file '/home/IC/tsmc_fb_cl013g_sc/aci/sc-m/synopsys/scmetro_tsmc_cl013g_rvt_ff_1p32v_m40c.db'


Note: Symbol # after min delay cost means estimated hold TNS across all active scenarios 


  Optimization Complete
  ---------------------
1
###################### Design Rule Checking #######################
dft_drc -verbose -coverage_estimate
In mode: Internal_scan...
  Design has scan chains in this mode
  Design is scan routed
  Post-DFT DRC enabled

Information: Starting test design rule checking. (TEST-222)
  Loading test protocol
  ...basic checks...
  ...basic sequential cell checks...
  ...checking vector rules...
  ...checking clock rules...
  ...checking scan chain rules...
  ...checking scan compression rules...
  ...checking X-state rules...
  ...checking tristate rules...
  ...extracting scan details...

-----------------------------------------------------------------
Begin Other violations...

Warning: Cell CLK_GATE_U0/U0 has constant 1 value. (TEST-505)

Other violations completed...
-----------------------------------------------------------------

-----------------------------------------------------------------
  DRC Report

  Total violations: 1

-----------------------------------------------------------------

1 OTHER VIOLATION
     1 Cell is constant 1 violation (TEST-505)


Warning: Violations occurred during test design rule checking. (TEST-124)

-----------------------------------------------------------------
  Sequential Cell Report

  1 out of 382 sequential cells have violations

-----------------------------------------------------------------

SEQUENTIAL CELLS WITH VIOLATIONS
      *   1 cell has constant 1 value
         CLK_GATE_U0/U0
SEQUENTIAL CELLS WITHOUT VIOLATIONS
      * 381 cells are valid scan cells
         UART_TX_CLK_U0/div_clk_reg_reg
         UART_TX_CLK_U0/flag_reg
         UART_TX_CLK_U0/counter_reg[7]
         UART_TX_CLK_U0/counter_reg[0]
         UART_TX_CLK_U0/counter_reg[6]
         UART_TX_CLK_U0/counter_reg[5]
         UART_TX_CLK_U0/counter_reg[4]
         UART_TX_CLK_U0/counter_reg[3]
         UART_TX_CLK_U0/counter_reg[2]
         UART_TX_CLK_U0/counter_reg[1]
         UART_RX_CLK_U0/div_clk_reg_reg
         UART_RX_CLK_U0/flag_reg
         UART_RX_CLK_U0/counter_reg[7]
         UART_RX_CLK_U0/counter_reg[0]
         UART_RX_CLK_U0/counter_reg[6]
         UART_RX_CLK_U0/counter_reg[5]
         UART_RX_CLK_U0/counter_reg[4]
         UART_RX_CLK_U0/counter_reg[3]
         UART_RX_CLK_U0/counter_reg[2]
         UART_RX_CLK_U0/counter_reg[1]
         RST_SYNC_1/reg_sync_reg[0]
         RST_SYNC_1/reg_sync_reg[1]
         DATA_SYNC_U0/enable_flop_reg
         DATA_SYNC_U0/reg_sync_reg[1]
         DATA_SYNC_U0/sync_bus_reg[7]
         DATA_SYNC_U0/sync_bus_reg[6]
         DATA_SYNC_U0/sync_bus_reg[5]
         DATA_SYNC_U0/sync_bus_reg[4]
         DATA_SYNC_U0/sync_bus_reg[3]
         DATA_SYNC_U0/sync_bus_reg[2]
         DATA_SYNC_U0/sync_bus_reg[1]
         DATA_SYNC_U0/sync_bus_reg[0]
         DATA_SYNC_U0/enable_pulse_reg
         DATA_SYNC_U0/reg_sync_reg[0]
         SYS_CTRL_U0/store_frames_reg[3][2]
         SYS_CTRL_U0/store_frames_reg[3][1]
         SYS_CTRL_U0/store_frames_reg[3][0]
         SYS_CTRL_U0/store_frames_reg[2][7]
         SYS_CTRL_U0/store_frames_reg[2][6]
         SYS_CTRL_U0/store_frames_reg[2][5]
         SYS_CTRL_U0/store_frames_reg[2][4]
         SYS_CTRL_U0/store_frames_reg[2][3]
         SYS_CTRL_U0/store_frames_reg[2][2]
         SYS_CTRL_U0/store_frames_reg[2][1]
         SYS_CTRL_U0/store_frames_reg[2][0]
         SYS_CTRL_U0/store_frames_reg[1][7]
         SYS_CTRL_U0/store_frames_reg[1][6]
         SYS_CTRL_U0/store_frames_reg[1][5]
         SYS_CTRL_U0/store_frames_reg[1][4]
         SYS_CTRL_U0/store_frames_reg[1][3]
         SYS_CTRL_U0/store_frames_reg[1][2]
         SYS_CTRL_U0/frame_cnt_reg[1]
         SYS_CTRL_U0/store_frames_reg[1][0]
         SYS_CTRL_U0/store_frames_reg[1][1]
         SYS_CTRL_U0/frame_cnt_reg[0]
         SYS_CTRL_U0/store_frames_reg[0][0]
         SYS_CTRL_U0/store_frames_reg[0][4]
         SYS_CTRL_U0/store_frames_reg[0][3]
         SYS_CTRL_U0/store_frames_reg[0][7]
         SYS_CTRL_U0/store_frames_reg[0][6]
         SYS_CTRL_U0/store_frames_reg[0][5]
         SYS_CTRL_U0/store_frames_reg[0][2]
         SYS_CTRL_U0/store_frames_reg[0][1]
         SYS_CTRL_U0/current_state_reg[1]
         SYS_CTRL_U0/current_state_reg[2]
         SYS_CTRL_U0/current_state_reg[0]
         SYS_CTRL_U0/frame_cnt_reg[2]
         SYS_CTRL_U0/store_frames_reg[3][3]
         Register_File_U0/REG_reg[13][7]
         Register_File_U0/REG_reg[13][6]
         Register_File_U0/REG_reg[13][5]
         Register_File_U0/REG_reg[13][4]
         Register_File_U0/REG_reg[13][3]
         Register_File_U0/REG_reg[13][2]
         Register_File_U0/REG_reg[13][1]
         Register_File_U0/REG_reg[13][0]
         Register_File_U0/REG_reg[9][7]
         Register_File_U0/REG_reg[9][6]
         Register_File_U0/REG_reg[9][5]
         Register_File_U0/REG_reg[9][4]
         Register_File_U0/REG_reg[9][3]
         Register_File_U0/REG_reg[9][2]
         Register_File_U0/REG_reg[9][1]
         Register_File_U0/REG_reg[9][0]
         Register_File_U0/REG_reg[5][7]
         Register_File_U0/REG_reg[5][6]
         Register_File_U0/REG_reg[5][5]
         Register_File_U0/REG_reg[5][4]
         Register_File_U0/REG_reg[5][3]
         Register_File_U0/REG_reg[5][2]
         Register_File_U0/REG_reg[5][1]
         Register_File_U0/REG_reg[5][0]
         Register_File_U0/REG_reg[15][7]
         Register_File_U0/REG_reg[15][6]
         Register_File_U0/REG_reg[15][5]
         Register_File_U0/REG_reg[15][4]
         Register_File_U0/REG_reg[15][3]
         Register_File_U0/REG_reg[15][2]
         Register_File_U0/REG_reg[15][1]
         Register_File_U0/REG_reg[15][0]
         Register_File_U0/REG_reg[11][7]
         Register_File_U0/REG_reg[11][6]
         Register_File_U0/REG_reg[11][5]
         Register_File_U0/REG_reg[11][4]
         Register_File_U0/REG_reg[11][3]
         Register_File_U0/REG_reg[11][2]
         Register_File_U0/REG_reg[11][1]
         Register_File_U0/REG_reg[11][0]
         Register_File_U0/REG_reg[7][7]
         Register_File_U0/REG_reg[7][6]
         Register_File_U0/REG_reg[7][5]
         Register_File_U0/REG_reg[7][4]
         Register_File_U0/REG_reg[7][3]
         Register_File_U0/REG_reg[7][2]
         Register_File_U0/REG_reg[7][1]
         Register_File_U0/REG_reg[7][0]
         Register_File_U0/REG_reg[14][7]
         Register_File_U0/REG_reg[14][6]
         Register_File_U0/REG_reg[14][5]
         Register_File_U0/REG_reg[14][4]
         Register_File_U0/REG_reg[14][3]
         Register_File_U0/REG_reg[14][2]
         Register_File_U0/REG_reg[14][1]
         Register_File_U0/REG_reg[14][0]
         Register_File_U0/REG_reg[10][7]
         Register_File_U0/REG_reg[10][6]
         Register_File_U0/REG_reg[10][5]
         Register_File_U0/REG_reg[10][4]
         Register_File_U0/REG_reg[10][3]
         Register_File_U0/REG_reg[10][2]
         Register_File_U0/REG_reg[10][1]
         Register_File_U0/REG_reg[10][0]
         Register_File_U0/REG_reg[6][7]
         Register_File_U0/REG_reg[6][6]
         Register_File_U0/REG_reg[6][5]
         Register_File_U0/REG_reg[6][4]
         Register_File_U0/REG_reg[6][3]
         Register_File_U0/REG_reg[6][2]
         Register_File_U0/REG_reg[6][1]
         Register_File_U0/REG_reg[6][0]
         Register_File_U0/REG_reg[12][7]
         Register_File_U0/REG_reg[12][6]
         Register_File_U0/REG_reg[12][5]
         Register_File_U0/REG_reg[12][4]
         Register_File_U0/REG_reg[12][3]
         Register_File_U0/REG_reg[12][2]
         Register_File_U0/REG_reg[12][1]
         Register_File_U0/REG_reg[12][0]
         Register_File_U0/REG_reg[8][7]
         Register_File_U0/REG_reg[8][6]
         Register_File_U0/REG_reg[8][5]
         Register_File_U0/REG_reg[8][4]
         Register_File_U0/REG_reg[8][3]
         Register_File_U0/REG_reg[8][2]
         Register_File_U0/REG_reg[8][1]
         Register_File_U0/REG_reg[8][0]
         Register_File_U0/REG_reg[4][7]
         Register_File_U0/REG_reg[4][6]
         Register_File_U0/REG_reg[4][5]
         Register_File_U0/REG_reg[4][4]
         Register_File_U0/REG_reg[4][3]
         Register_File_U0/REG_reg[4][2]
         Register_File_U0/REG_reg[4][1]
         Register_File_U0/REG_reg[4][0]
         Register_File_U0/RdData_reg[7]
         Register_File_U0/RdData_reg[6]
         Register_File_U0/RdData_reg[5]
         Register_File_U0/RdData_reg[4]
         Register_File_U0/RdData_reg[3]
         Register_File_U0/RdData_reg[2]
         Register_File_U0/RdData_reg[1]
         Register_File_U0/RdData_reg[0]
         Register_File_U0/REG_reg[1][6]
         Register_File_U0/REG_reg[0][7]
         Register_File_U0/REG_reg[0][6]
         Register_File_U0/REG_reg[0][5]
         Register_File_U0/REG_reg[0][4]
         Register_File_U0/REG_reg[0][3]
         Register_File_U0/REG_reg[0][2]
         Register_File_U0/REG_reg[0][1]
         Register_File_U0/REG_reg[0][0]
         Register_File_U0/REG_reg[2][1]
         Register_File_U0/RdData_Valid_reg
         Register_File_U0/REG_reg[1][1]
         Register_File_U0/REG_reg[1][5]
         Register_File_U0/REG_reg[1][4]
         Register_File_U0/REG_reg[1][7]
         Register_File_U0/REG_reg[1][3]
         Register_File_U0/REG_reg[1][2]
         Register_File_U0/REG_reg[1][0]
         Register_File_U0/REG_reg[2][0]
         Register_File_U0/REG_reg[3][7]
         Register_File_U0/REG_reg[3][5]
         Register_File_U0/REG_reg[3][4]
         Register_File_U0/REG_reg[3][6]
         Register_File_U0/REG_reg[3][0]
         Register_File_U0/REG_reg[3][2]
         Register_File_U0/REG_reg[3][3]
         Register_File_U0/REG_reg[3][1]
         Register_File_U0/REG_reg[2][2]
         Register_File_U0/REG_reg[2][3]
         Register_File_U0/REG_reg[2][4]
         Register_File_U0/REG_reg[2][7]
         Register_File_U0/REG_reg[2][5]
         Register_File_U0/REG_reg[2][6]
         ALU_U0/ALU_OUT_reg[15]
         ALU_U0/ALU_OUT_reg[14]
         ALU_U0/ALU_OUT_reg[13]
         ALU_U0/ALU_OUT_reg[12]
         ALU_U0/ALU_OUT_reg[11]
         ALU_U0/ALU_OUT_reg[10]
         ALU_U0/ALU_OUT_reg[9]
         ALU_U0/ALU_OUT_reg[8]
         ALU_U0/ALU_OUT_reg[7]
         ALU_U0/ALU_OUT_reg[6]
         ALU_U0/ALU_OUT_reg[5]
         ALU_U0/ALU_OUT_reg[4]
         ALU_U0/ALU_OUT_reg[3]
         ALU_U0/ALU_OUT_reg[2]
         ALU_U0/ALU_OUT_reg[1]
         ALU_U0/ALU_OUT_reg[0]
         ALU_U0/OUT_VALID_reg
         PULSE_GEN_U0/d1_reg
         PULSE_GEN_U0/d2_reg
         ASYNC_FIFO_U0/u_wr/wbin_reg[3]
         ASYNC_FIFO_U0/u_wr/wbin_reg[2]
         ASYNC_FIFO_U0/u_wr/wfull_reg
         ASYNC_FIFO_U0/u_wr/wbin_reg[1]
         ASYNC_FIFO_U0/u_wr/wbin_reg[0]
         ASYNC_FIFO_U0/u_wr/wptr_reg[1]
         ASYNC_FIFO_U0/u_wr/wptr_reg[3]
         ASYNC_FIFO_U0/u_wr/wptr_reg[2]
         ASYNC_FIFO_U0/u_wr/wptr_reg[0]
         ASYNC_FIFO_U0/u_rd/rbin_reg[3]
         ASYNC_FIFO_U0/u_rd/rbin_reg[2]
         ASYNC_FIFO_U0/u_rd/rempty_reg
         ASYNC_FIFO_U0/u_rd/rbin_reg[0]
         ASYNC_FIFO_U0/u_rd/rbin_reg[1]
         ASYNC_FIFO_U0/u_rd/rptr_reg[1]
         ASYNC_FIFO_U0/u_rd/rptr_reg[3]
         ASYNC_FIFO_U0/u_rd/rptr_reg[2]
         ASYNC_FIFO_U0/u_rd/rptr_reg[0]
         ASYNC_FIFO_U0/r2w_DF_SYNC/reg_sync2_reg[3]
         ASYNC_FIFO_U0/r2w_DF_SYNC/reg_sync2_reg[2]
         ASYNC_FIFO_U0/r2w_DF_SYNC/reg_sync2_reg[1]
         ASYNC_FIFO_U0/r2w_DF_SYNC/reg_sync2_reg[0]
         ASYNC_FIFO_U0/r2w_DF_SYNC/reg_sync1_reg[3]
         ASYNC_FIFO_U0/r2w_DF_SYNC/reg_sync1_reg[2]
         ASYNC_FIFO_U0/r2w_DF_SYNC/reg_sync1_reg[1]
         ASYNC_FIFO_U0/r2w_DF_SYNC/reg_sync1_reg[0]
         ASYNC_FIFO_U0/w2r_DF_SYNC/reg_sync2_reg[3]
         ASYNC_FIFO_U0/w2r_DF_SYNC/reg_sync2_reg[2]
         ASYNC_FIFO_U0/w2r_DF_SYNC/reg_sync2_reg[1]
         ASYNC_FIFO_U0/w2r_DF_SYNC/reg_sync2_reg[0]
         ASYNC_FIFO_U0/w2r_DF_SYNC/reg_sync1_reg[3]
         ASYNC_FIFO_U0/w2r_DF_SYNC/reg_sync1_reg[2]
         ASYNC_FIFO_U0/w2r_DF_SYNC/reg_sync1_reg[1]
         ASYNC_FIFO_U0/w2r_DF_SYNC/reg_sync1_reg[0]
         ASYNC_FIFO_U0/u_FIFO_MEM/mem_reg[5][7]
         ASYNC_FIFO_U0/u_FIFO_MEM/mem_reg[5][6]
         ASYNC_FIFO_U0/u_FIFO_MEM/mem_reg[5][5]
         ASYNC_FIFO_U0/u_FIFO_MEM/mem_reg[5][4]
         ASYNC_FIFO_U0/u_FIFO_MEM/mem_reg[5][3]
         ASYNC_FIFO_U0/u_FIFO_MEM/mem_reg[5][2]
         ASYNC_FIFO_U0/u_FIFO_MEM/mem_reg[5][1]
         ASYNC_FIFO_U0/u_FIFO_MEM/mem_reg[5][0]
         ASYNC_FIFO_U0/u_FIFO_MEM/mem_reg[1][7]
         ASYNC_FIFO_U0/u_FIFO_MEM/mem_reg[1][6]
         ASYNC_FIFO_U0/u_FIFO_MEM/mem_reg[1][5]
         ASYNC_FIFO_U0/u_FIFO_MEM/mem_reg[1][4]
         ASYNC_FIFO_U0/u_FIFO_MEM/mem_reg[1][3]
         ASYNC_FIFO_U0/u_FIFO_MEM/mem_reg[1][2]
         ASYNC_FIFO_U0/u_FIFO_MEM/mem_reg[1][1]
         ASYNC_FIFO_U0/u_FIFO_MEM/mem_reg[1][0]
         ASYNC_FIFO_U0/u_FIFO_MEM/mem_reg[7][7]
         ASYNC_FIFO_U0/u_FIFO_MEM/mem_reg[7][6]
         ASYNC_FIFO_U0/u_FIFO_MEM/mem_reg[7][5]
         ASYNC_FIFO_U0/u_FIFO_MEM/mem_reg[7][4]
         ASYNC_FIFO_U0/u_FIFO_MEM/mem_reg[7][3]
         ASYNC_FIFO_U0/u_FIFO_MEM/mem_reg[7][2]
         ASYNC_FIFO_U0/u_FIFO_MEM/mem_reg[7][1]
         ASYNC_FIFO_U0/u_FIFO_MEM/mem_reg[7][0]
         ASYNC_FIFO_U0/u_FIFO_MEM/mem_reg[3][7]
         ASYNC_FIFO_U0/u_FIFO_MEM/mem_reg[3][6]
         ASYNC_FIFO_U0/u_FIFO_MEM/mem_reg[3][5]
         ASYNC_FIFO_U0/u_FIFO_MEM/mem_reg[3][4]
         ASYNC_FIFO_U0/u_FIFO_MEM/mem_reg[3][3]
         ASYNC_FIFO_U0/u_FIFO_MEM/mem_reg[3][2]
         ASYNC_FIFO_U0/u_FIFO_MEM/mem_reg[3][1]
         ASYNC_FIFO_U0/u_FIFO_MEM/mem_reg[3][0]
         ASYNC_FIFO_U0/u_FIFO_MEM/mem_reg[6][7]
         ASYNC_FIFO_U0/u_FIFO_MEM/mem_reg[6][6]
         ASYNC_FIFO_U0/u_FIFO_MEM/mem_reg[6][5]
         ASYNC_FIFO_U0/u_FIFO_MEM/mem_reg[6][4]
         ASYNC_FIFO_U0/u_FIFO_MEM/mem_reg[6][3]
         ASYNC_FIFO_U0/u_FIFO_MEM/mem_reg[6][2]
         ASYNC_FIFO_U0/u_FIFO_MEM/mem_reg[6][1]
         ASYNC_FIFO_U0/u_FIFO_MEM/mem_reg[6][0]
         ASYNC_FIFO_U0/u_FIFO_MEM/mem_reg[2][7]
         ASYNC_FIFO_U0/u_FIFO_MEM/mem_reg[2][6]
         ASYNC_FIFO_U0/u_FIFO_MEM/mem_reg[2][5]
         ASYNC_FIFO_U0/u_FIFO_MEM/mem_reg[2][4]
         ASYNC_FIFO_U0/u_FIFO_MEM/mem_reg[2][3]
         ASYNC_FIFO_U0/u_FIFO_MEM/mem_reg[2][2]
         ASYNC_FIFO_U0/u_FIFO_MEM/mem_reg[2][1]
         ASYNC_FIFO_U0/u_FIFO_MEM/mem_reg[2][0]
         ASYNC_FIFO_U0/u_FIFO_MEM/mem_reg[4][7]
         ASYNC_FIFO_U0/u_FIFO_MEM/mem_reg[4][6]
         ASYNC_FIFO_U0/u_FIFO_MEM/mem_reg[4][5]
         ASYNC_FIFO_U0/u_FIFO_MEM/mem_reg[4][4]
         ASYNC_FIFO_U0/u_FIFO_MEM/mem_reg[4][3]
         ASYNC_FIFO_U0/u_FIFO_MEM/mem_reg[4][2]
         ASYNC_FIFO_U0/u_FIFO_MEM/mem_reg[4][1]
         ASYNC_FIFO_U0/u_FIFO_MEM/mem_reg[4][0]
         ASYNC_FIFO_U0/u_FIFO_MEM/mem_reg[0][7]
         ASYNC_FIFO_U0/u_FIFO_MEM/mem_reg[0][6]
         ASYNC_FIFO_U0/u_FIFO_MEM/mem_reg[0][5]
         ASYNC_FIFO_U0/u_FIFO_MEM/mem_reg[0][4]
         ASYNC_FIFO_U0/u_FIFO_MEM/mem_reg[0][3]
         ASYNC_FIFO_U0/u_FIFO_MEM/mem_reg[0][2]
         ASYNC_FIFO_U0/u_FIFO_MEM/mem_reg[0][1]
         ASYNC_FIFO_U0/u_FIFO_MEM/mem_reg[0][0]
         UART_U0/UART_TX_U0/serializer_unit/DATA_V_reg[0]
         UART_U0/UART_TX_U0/serializer_unit/DATA_V_reg[6]
         UART_U0/UART_TX_U0/serializer_unit/DATA_V_reg[5]
         UART_U0/UART_TX_U0/serializer_unit/DATA_V_reg[4]
         UART_U0/UART_TX_U0/serializer_unit/DATA_V_reg[3]
         UART_U0/UART_TX_U0/serializer_unit/DATA_V_reg[2]
         UART_U0/UART_TX_U0/serializer_unit/DATA_V_reg[1]
         UART_U0/UART_TX_U0/serializer_unit/DATA_V_reg[7]
         UART_U0/UART_TX_U0/serializer_unit/ser_count_reg[1]
         UART_U0/UART_TX_U0/serializer_unit/ser_count_reg[2]
         UART_U0/UART_TX_U0/serializer_unit/ser_count_reg[0]
         UART_U0/UART_TX_U0/parity_calc_unit/par_bit_reg
         UART_U0/UART_TX_U0/parity_calc_unit/reg_data_reg[5]
         UART_U0/UART_TX_U0/parity_calc_unit/reg_data_reg[1]
         UART_U0/UART_TX_U0/parity_calc_unit/reg_data_reg[4]
         UART_U0/UART_TX_U0/parity_calc_unit/reg_data_reg[0]
         UART_U0/UART_TX_U0/parity_calc_unit/reg_data_reg[2]
         UART_U0/UART_TX_U0/parity_calc_unit/reg_data_reg[3]
         UART_U0/UART_TX_U0/parity_calc_unit/reg_data_reg[6]
         UART_U0/UART_TX_U0/parity_calc_unit/reg_data_reg[7]
         UART_U0/UART_TX_U0/FSM_unit/busy_reg
         UART_U0/UART_TX_U0/FSM_unit/current_state_reg[1]
         UART_U0/UART_TX_U0/FSM_unit/current_state_reg[2]
         UART_U0/UART_TX_U0/FSM_unit/current_state_reg[0]
         UART_U0/UART_TX_U0/MUX_unit/TX_OUT_reg
         UART_U0/UART_RX_U0/data_sampling_unit/sample_3_reg
         UART_U0/UART_RX_U0/data_sampling_unit/sample_1_reg
         UART_U0/UART_RX_U0/data_sampling_unit/sample_2_reg
         UART_U0/UART_RX_U0/data_sampling_unit/sampled_bit_reg
         UART_U0/UART_RX_U0/edge_bit_counter_unit/edge_cnt_reg[5]
         UART_U0/UART_RX_U0/edge_bit_counter_unit/edge_cnt_reg[4]
         UART_U0/UART_RX_U0/edge_bit_counter_unit/edge_cnt_reg[3]
         UART_U0/UART_RX_U0/edge_bit_counter_unit/edge_cnt_reg[2]
         UART_U0/UART_RX_U0/edge_bit_counter_unit/edge_cnt_reg[1]
         UART_U0/UART_RX_U0/edge_bit_counter_unit/edge_cnt_reg[0]
         UART_U0/UART_RX_U0/edge_bit_counter_unit/bit_cnt_reg[3]
         UART_U0/UART_RX_U0/edge_bit_counter_unit/bit_cnt_reg[1]
         UART_U0/UART_RX_U0/edge_bit_counter_unit/bit_cnt_reg[0]
         UART_U0/UART_RX_U0/edge_bit_counter_unit/bit_cnt_reg[2]
         UART_U0/UART_RX_U0/deserialize_unit/P_DATA_reg[5]
         UART_U0/UART_RX_U0/deserialize_unit/P_DATA_reg[1]
         UART_U0/UART_RX_U0/deserialize_unit/P_DATA_reg[4]
         UART_U0/UART_RX_U0/deserialize_unit/P_DATA_reg[0]
         UART_U0/UART_RX_U0/deserialize_unit/P_DATA_reg[7]
         UART_U0/UART_RX_U0/deserialize_unit/P_DATA_reg[3]
         UART_U0/UART_RX_U0/deserialize_unit/P_DATA_reg[6]
         UART_U0/UART_RX_U0/deserialize_unit/P_DATA_reg[2]
         UART_U0/UART_RX_U0/parity_check_unit/par_err_reg
         UART_U0/UART_RX_U0/stop_check_unit/stp_err_reg
         UART_U0/UART_RX_U0/start_check_unit/strt_glitch_reg
         UART_U0/UART_RX_U0/UART_RX_FSM_unit/current_state_reg[1]
         UART_U0/UART_RX_U0/UART_RX_FSM_unit/current_state_reg[2]
         UART_U0/UART_RX_U0/UART_RX_FSM_unit/current_state_reg[0]
         ASYNC_FIFO_U0/u_rinc_gen/d1_reg
         ASYNC_FIFO_U0/u_rinc_gen/d2_reg
         ASYNC_FIFO_U0/u_winc_gen/d1_reg
         ASYNC_FIFO_U0/u_winc_gen/d2_reg
         RST_SYNC_2/reg_sync_reg[0]
         RST_SYNC_2/reg_sync_reg[1]

....Inferring feed-through connections....
Information: Test design rule checking completed. (TEST-123)
  Running test coverage estimation...
 16534 faults were added to fault list.
 ATPG performed for stuck fault model using internal pattern source.
 ----------------------------------------------------------
 #patterns     #faults     #ATPG faults  test      process
 stored     detect/active  red/au/abort  coverage  CPU time
 ---------  -------------  ------------  --------  --------
 Begin deterministic ATPG: #uncollapsed_faults=13067, abort_limit=10...
 0            7561   5505         1/0/0    66.09%      0.01
 0            1443   4057         3/1/0    74.91%      0.01
 0            1140   2915         5/1/1    81.87%      0.01
 0             606   2294        10/2/1    85.63%      0.02
 0             448   1840        16/2/1    88.40%      0.02
 0             283   1547        23/2/2    90.19%      0.02
 0             198   1331        33/2/2    91.50%      0.02
 0             246   1077        40/2/2    93.05%      0.02
 0             182    882        48/2/2    94.24%      0.02
 0             125    730        64/2/2    95.16%      0.03
 0              91    602        74/3/2    95.93%      0.03
 0              94    486        89/3/2    96.64%      0.03
 0              81    381       103/3/2    97.28%      0.03
 0              79    224       152/4/4    98.23%      0.03
 0              56    138       170/5/5    98.76%      0.04
 0              52     74       179/5/6    99.15%      0.04
 0              42     21       188/5/6    99.48%      0.04
 0               7      9       192/5/6    99.56%      0.04
 
            Pattern Summary Report
 -----------------------------------------------
 #internal patterns                           0
 -----------------------------------------------
 

     Uncollapsed Stuck Fault Summary Report
 -----------------------------------------------
 fault class                     code   #faults
 ------------------------------  ----  ---------
 Detected                         DT      16006
 Possibly detected                PT          1
 Undetectable                     UD        456
 ATPG untestable                  AU         63
 Not detected                     ND          8
 -----------------------------------------------
 total faults                             16534
 test coverage                            99.56%
 -----------------------------------------------
  Information: The test coverage above may be inferior
               than the real test coverage with customized
               protocol and test simulation library.
1
##################### Close Formality Setup file ###########################
set_svf -off
1
#############################################################################
# Write out files
#############################################################################
write_file -format verilog -hierarchy -output netlists/$top_module.ddc
Writing verilog file '/home/IC/Projects/System/DFT/netlists/SYS_TOP.ddc'.
Warning: Verilog 'assign' or 'tran' statements are written out. (VO-4)
Warning: Verilog writer has added 4 nets to module SYS_TOP using SYNOPSYS_UNCONNECTED_ as prefix.  Please use the change_names command to make the correct changes before invoking the verilog writer.  (VO-11)
1
write_file -format verilog -hierarchy -output netlists/$top_module.v
Writing verilog file '/home/IC/Projects/System/DFT/netlists/SYS_TOP.v'.
Warning: Verilog 'assign' or 'tran' statements are written out. (VO-4)
Warning: Verilog writer has added 4 nets to module SYS_TOP using SYNOPSYS_UNCONNECTED_ as prefix.  Please use the change_names command to make the correct changes before invoking the verilog writer.  (VO-11)
1
write_sdf  sdf/$top_module.sdf
Information: Annotated 'cell' delays are assumed to include load delay. (UID-282)
Information: Writing timing information to file '/home/IC/Projects/System/DFT/sdf/SYS_TOP.sdf'. (WT-3)
Information: Updating design information... (UID-85)
1
write_sdc  -nosplit sdc/$top_module.sdc
1
####################### reporting ##########################################
report_area -hierarchy > reports/area.rpt
report_power -hierarchy > reports/power.rpt
report_timing -delay_type min > reports/hold.rpt
report_timing -delay_type max > reports/setup.rpt
report_clock -attributes > reports/clocks.rpt
report_constraint -all_violators > constraints_dft.rpt
report_port > ports.rpt
dft_drc -coverage > dft_drc_post_dft.rpt
################# starting graphical user interface #######################
#gui_start
#exit
dc_shell> 